nohup: ignoring input

> frontend@0.1.0 dev
> next dev

▲ Next.js 16.1.6 (Turbopack)
- Local:         http://localhost:3000
- Network:       http://185.164.73.6:3000
- Environments: .env

✓ Starting...
⚠ Turbopack's filesystem cache has been deleted because we previously detected an internal error in Turbopack. Builds or page loads may be slower as a result.
✓ Ready in 1226ms

thread 'tokio-runtime-worker' (50090) panicked at /usr/local/cargo/registry/src/index.crates.io-1949cf8c6b5b557f/qfilter-0.2.4/src/lib.rs:494:9:
CPU doesn't support the popcnt instruction
note: run with `RUST_BACKTRACE=1` environment variable to display a backtrace

thread 'tokio-runtime-worker' (50089) panicked at /usr/local/cargo/registry/src/index.crates.io-1949cf8c6b5b557f/qfilter-0.2.4/src/lib.rs:494:9:
CPU doesn't support the popcnt instruction
○ Compiling / ...
 GET / 200 in 6.0s (compile: 5.5s, render: 487ms)
⚠ Cross origin request detected from ghabzhub.ir to /_next/* resource. In a future major version of Next.js, you will need to explicitly configure "allowedDevOrigins" in next.config to allow this.
Read more: https://nextjs.org/docs/app/api-reference/config/next-config-js/allowedDevOrigins
 GET /_next/webpack-hmr?id=raGYJOpw7GB0Zt0y-4Y9p 404 in 632ms (compile: 535ms, render: 97ms)
 GET /_next/webpack-hmr?id=raGYJOpw7GB0Zt0y-4Y9p 404 in 87ms (compile: 6ms, render: 81ms)
 GET /_next/webpack-hmr?id=raGYJOpw7GB0Zt0y-4Y9p 404 in 56ms (compile: 5ms, render: 51ms)
 GET /_next/webpack-hmr?id=raGYJOpw7GB0Zt0y-4Y9p 404 in 68ms (compile: 5ms, render: 63ms)
 GET /_next/webpack-hmr?id=raGYJOpw7GB0Zt0y-4Y9p 404 in 55ms (compile: 5ms, render: 50ms)
 GET /_next/webpack-hmr?id=raGYJOpw7GB0Zt0y-4Y9p 404 in 83ms (compile: 7ms, render: 76ms)
 GET /login 200 in 671ms (compile: 583ms, render: 88ms)
 GET /_next/webpack-hmr?id=fUYvcOtx4bnmH0y2KWG4T 404 in 63ms (compile: 6ms, render: 57ms)
 GET /_next/webpack-hmr?id=fUYvcOtx4bnmH0y2KWG4T 404 in 66ms (compile: 6ms, render: 60ms)
 GET /register 200 in 527ms (compile: 486ms, render: 40ms)
 GET /_next/webpack-hmr?id=fUYvcOtx4bnmH0y2KWG4T 404 in 93ms (compile: 8ms, render: 85ms)
 GET /_next/webpack-hmr?id=fUYvcOtx4bnmH0y2KWG4T 404 in 65ms (compile: 4ms, render: 61ms)
 GET /_next/webpack-hmr?id=fUYvcOtx4bnmH0y2KWG4T 404 in 88ms (compile: 5ms, render: 83ms)
 GET /_next/webpack-hmr?id=fUYvcOtx4bnmH0y2KWG4T 404 in 61ms (compile: 5ms, render: 56ms)
 GET /_next/webpack-hmr?id=fUYvcOtx4bnmH0y2KWG4T 404 in 51ms (compile: 4ms, render: 47ms)
 GET /verify-otp?mobile=09370563843 200 in 461ms (compile: 427ms, render: 35ms)
 GET /_next/webpack-hmr?id=fUYvcOtx4bnmH0y2KWG4T 404 in 72ms (compile: 7ms, render: 65ms)
 GET /_next/webpack-hmr?id=fUYvcOtx4bnmH0y2KWG4T 404 in 53ms (compile: 4ms, render: 49ms)
 GET /_next/webpack-hmr?id=fUYvcOtx4bnmH0y2KWG4T 404 in 51ms (compile: 4ms, render: 47ms)
 GET /login 200 in 62ms (compile: 6ms, render: 56ms)
 GET /_next/webpack-hmr?id=fUYvcOtx4bnmH0y2KWG4T 404 in 112ms (compile: 5ms, render: 107ms)
 GET /_next/webpack-hmr?id=fUYvcOtx4bnmH0y2KWG4T 404 in 61ms (compile: 6ms, render: 55ms)
 GET / 200 in 67ms (compile: 5ms, render: 62ms)
 GET /_next/webpack-hmr?id=fUYvcOtx4bnmH0y2KWG4T 404 in 81ms (compile: 6ms, render: 75ms)
 GET / 200 in 191ms (compile: 5ms, render: 186ms)
 GET /login 200 in 31ms (compile: 6ms, render: 25ms)
 GET /_next/webpack-hmr?id=kyMKAPkEo49F6Jbxtrsjq 404 in 62ms (compile: 5ms, render: 57ms)
 GET /register 200 in 27ms (compile: 5ms, render: 23ms)
 GET /_next/webpack-hmr?id=kyMKAPkEo49F6Jbxtrsjq 404 in 83ms (compile: 5ms, render: 78ms)
 GET /_next/webpack-hmr?id=kyMKAPkEo49F6Jbxtrsjq 404 in 49ms (compile: 4ms, render: 45ms)
 GET /verify-otp?mobile=09106702667 200 in 30ms (compile: 5ms, render: 25ms)
 GET /_next/webpack-hmr?id=kyMKAPkEo49F6Jbxtrsjq 404 in 68ms (compile: 6ms, render: 62ms)
 GET /_next/webpack-hmr?id=kyMKAPkEo49F6Jbxtrsjq 404 in 49ms (compile: 4ms, render: 45ms)
 GET /_next/webpack-hmr?id=kyMKAPkEo49F6Jbxtrsjq 404 in 59ms (compile: 5ms, render: 54ms)
 GET /login 200 in 39ms (compile: 5ms, render: 34ms)
 GET /_next/webpack-hmr?id=kyMKAPkEo49F6Jbxtrsjq 404 in 78ms (compile: 5ms, render: 73ms)
 GET / 200 in 67ms (compile: 5ms, render: 62ms)
 GET /_next/webpack-hmr?id=kyMKAPkEo49F6Jbxtrsjq 404 in 58ms (compile: 5ms, render: 53ms)
 GET /_next/webpack-hmr?id=kyMKAPkEo49F6Jbxtrsjq 404 in 53ms (compile: 5ms, render: 48ms)
 GET /_next/webpack-hmr?id=kyMKAPkEo49F6Jbxtrsjq 404 in 52ms (compile: 5ms, render: 46ms)
 GET /_next/webpack-hmr?id=kyMKAPkEo49F6Jbxtrsjq 404 in 49ms (compile: 4ms, render: 45ms)
 GET /_next/webpack-hmr?id=kyMKAPkEo49F6Jbxtrsjq 404 in 86ms (compile: 5ms, render: 81ms)
 GET /_next/webpack-hmr?id=kyMKAPkEo49F6Jbxtrsjq 404 in 50ms (compile: 4ms, render: 46ms)
 GET / 200 in 143ms (compile: 4ms, render: 138ms)
 GET /_next/webpack-hmr?id=YNGEUxkIzMi0yLPA_k9LW 404 in 111ms (compile: 23ms, render: 88ms)
 GET /_next/webpack-hmr?id=YNGEUxkIzMi0yLPA_k9LW 404 in 49ms (compile: 4ms, render: 45ms)
 GET /_next/webpack-hmr?id=YNGEUxkIzMi0yLPA_k9LW 404 in 56ms (compile: 5ms, render: 51ms)
 GET /_next/webpack-hmr?id=YNGEUxkIzMi0yLPA_k9LW 404 in 56ms (compile: 9ms, render: 47ms)
 GET /_next/webpack-hmr?id=YNGEUxkIzMi0yLPA_k9LW 404 in 45ms (compile: 4ms, render: 41ms)
 GET /_next/webpack-hmr?id=YNGEUxkIzMi0yLPA_k9LW 404 in 52ms (compile: 4ms, render: 48ms)
 GET /_next/webpack-hmr?id=YNGEUxkIzMi0yLPA_k9LW 404 in 77ms (compile: 6ms, render: 71ms)
 GET /_next/webpack-hmr?id=YNGEUxkIzMi0yLPA_k9LW 404 in 76ms (compile: 4ms, render: 72ms)
 GET /_next/webpack-hmr?id=YNGEUxkIzMi0yLPA_k9LW 404 in 50ms (compile: 4ms, render: 46ms)
 GET /_next/webpack-hmr?id=YNGEUxkIzMi0yLPA_k9LW 404 in 53ms (compile: 5ms, render: 48ms)
 GET /_next/webpack-hmr?id=YNGEUxkIzMi0yLPA_k9LW 404 in 58ms (compile: 9ms, render: 49ms)
 GET /_next/webpack-hmr?id=YNGEUxkIzMi0yLPA_k9LW 404 in 57ms (compile: 7ms, render: 50ms)
 GET /_next/webpack-hmr?id=YNGEUxkIzMi0yLPA_k9LW 404 in 54ms (compile: 4ms, render: 50ms)
 GET / 200 in 212ms (compile: 5ms, render: 207ms)
 GET /_next/webpack-hmr?id=lz83IaC29s_V9aW1QOFkd 404 in 48ms (compile: 6ms, render: 42ms)
 GET /_next/webpack-hmr?id=lz83IaC29s_V9aW1QOFkd 404 in 55ms (compile: 4ms, render: 51ms)
 GET /_next/webpack-hmr?id=lz83IaC29s_V9aW1QOFkd 404 in 70ms (compile: 6ms, render: 64ms)
 GET /_next/webpack-hmr?id=lz83IaC29s_V9aW1QOFkd 404 in 58ms (compile: 5ms, render: 53ms)
 GET /_next/webpack-hmr?id=lz83IaC29s_V9aW1QOFkd 404 in 68ms (compile: 5ms, render: 63ms)
 GET /_next/webpack-hmr?id=lz83IaC29s_V9aW1QOFkd 404 in 56ms (compile: 4ms, render: 52ms)
 GET /_next/webpack-hmr?id=lz83IaC29s_V9aW1QOFkd 404 in 53ms (compile: 4ms, render: 48ms)
 GET /_next/webpack-hmr?id=lz83IaC29s_V9aW1QOFkd 404 in 110ms (compile: 7ms, render: 104ms)
 GET /_next/webpack-hmr?id=lz83IaC29s_V9aW1QOFkd 404 in 56ms (compile: 5ms, render: 51ms)
 GET /_next/webpack-hmr?id=lz83IaC29s_V9aW1QOFkd 404 in 59ms (compile: 5ms, render: 54ms)
 GET /_next/webpack-hmr?id=lz83IaC29s_V9aW1QOFkd 404 in 49ms (compile: 5ms, render: 44ms)
 GET /_next/webpack-hmr?id=lz83IaC29s_V9aW1QOFkd 404 in 53ms (compile: 4ms, render: 49ms)
 GET /_next/webpack-hmr?id=lz83IaC29s_V9aW1QOFkd 404 in 51ms (compile: 4ms, render: 47ms)
 GET / 200 in 219ms (compile: 4ms, render: 214ms)
 GET /_next/webpack-hmr?id=YKMjD3gsRi3EFsX26dieM 404 in 60ms (compile: 5ms, render: 54ms)
 GET /_next/webpack-hmr?id=YKMjD3gsRi3EFsX26dieM 404 in 65ms (compile: 7ms, render: 58ms)
 GET /_next/webpack-hmr?id=YKMjD3gsRi3EFsX26dieM 404 in 56ms (compile: 4ms, render: 52ms)
 GET /_next/webpack-hmr?id=YKMjD3gsRi3EFsX26dieM 404 in 51ms (compile: 4ms, render: 47ms)
 GET /_next/webpack-hmr?id=YKMjD3gsRi3EFsX26dieM 404 in 73ms (compile: 4ms, render: 69ms)
 GET /_next/webpack-hmr?id=YKMjD3gsRi3EFsX26dieM 404 in 52ms (compile: 4ms, render: 48ms)
 GET /_next/webpack-hmr?id=YKMjD3gsRi3EFsX26dieM 404 in 67ms (compile: 6ms, render: 61ms)
 GET /_next/webpack-hmr?id=YKMjD3gsRi3EFsX26dieM 404 in 55ms (compile: 4ms, render: 51ms)
 GET /_next/webpack-hmr?id=YKMjD3gsRi3EFsX26dieM 404 in 64ms (compile: 5ms, render: 59ms)
 GET /_next/webpack-hmr?id=YKMjD3gsRi3EFsX26dieM 404 in 51ms (compile: 4ms, render: 47ms)
 GET /_next/webpack-hmr?id=YKMjD3gsRi3EFsX26dieM 404 in 79ms (compile: 6ms, render: 73ms)
 GET /_next/webpack-hmr?id=YKMjD3gsRi3EFsX26dieM 404 in 88ms (compile: 5ms, render: 84ms)
 GET /_next/webpack-hmr?id=YKMjD3gsRi3EFsX26dieM 404 in 81ms (compile: 6ms, render: 74ms)
 GET / 200 in 172ms (compile: 4ms, render: 168ms)
 GET /_next/webpack-hmr?id=i5cgKrUmazIM6gbghIHKY 404 in 57ms (compile: 5ms, render: 52ms)
 GET /_next/webpack-hmr?id=i5cgKrUmazIM6gbghIHKY 404 in 53ms (compile: 4ms, render: 49ms)
 GET /_next/webpack-hmr?id=i5cgKrUmazIM6gbghIHKY 404 in 63ms (compile: 4ms, render: 58ms)
 GET /_next/webpack-hmr?id=i5cgKrUmazIM6gbghIHKY 404 in 52ms (compile: 4ms, render: 48ms)
 GET /_next/webpack-hmr?id=i5cgKrUmazIM6gbghIHKY 404 in 73ms (compile: 4ms, render: 69ms)
 GET /_next/webpack-hmr?id=i5cgKrUmazIM6gbghIHKY 404 in 50ms (compile: 5ms, render: 45ms)
 GET /_next/webpack-hmr?id=i5cgKrUmazIM6gbghIHKY 404 in 59ms (compile: 4ms, render: 54ms)
 GET /_next/webpack-hmr?id=i5cgKrUmazIM6gbghIHKY 404 in 44ms (compile: 4ms, render: 40ms)
 GET /_next/webpack-hmr?id=i5cgKrUmazIM6gbghIHKY 404 in 50ms (compile: 7ms, render: 44ms)
 GET /_next/webpack-hmr?id=i5cgKrUmazIM6gbghIHKY 404 in 71ms (compile: 4ms, render: 67ms)
 GET /_next/webpack-hmr?id=i5cgKrUmazIM6gbghIHKY 404 in 67ms (compile: 6ms, render: 61ms)
 GET /_next/webpack-hmr?id=i5cgKrUmazIM6gbghIHKY 404 in 54ms (compile: 4ms, render: 49ms)
 GET / 200 in 133ms (compile: 4ms, render: 129ms)
 GET /_next/webpack-hmr?id=XJqTx7MBaj3imPml-d4Pk 404 in 51ms (compile: 6ms, render: 45ms)
 GET /_next/webpack-hmr?id=XJqTx7MBaj3imPml-d4Pk 404 in 55ms (compile: 4ms, render: 51ms)
 GET /_next/webpack-hmr?id=XJqTx7MBaj3imPml-d4Pk 404 in 52ms (compile: 4ms, render: 48ms)
 GET /_next/webpack-hmr?id=XJqTx7MBaj3imPml-d4Pk 404 in 60ms (compile: 4ms, render: 57ms)
 GET /_next/webpack-hmr?id=XJqTx7MBaj3imPml-d4Pk 404 in 46ms (compile: 5ms, render: 41ms)
 GET /_next/webpack-hmr?id=XJqTx7MBaj3imPml-d4Pk 404 in 61ms (compile: 4ms, render: 57ms)
 GET /_next/webpack-hmr?id=XJqTx7MBaj3imPml-d4Pk 404 in 83ms (compile: 4ms, render: 79ms)
 GET /_next/webpack-hmr?id=XJqTx7MBaj3imPml-d4Pk 404 in 44ms (compile: 4ms, render: 40ms)
 GET /_next/webpack-hmr?id=XJqTx7MBaj3imPml-d4Pk 404 in 46ms (compile: 4ms, render: 42ms)
 GET /_next/webpack-hmr?id=XJqTx7MBaj3imPml-d4Pk 404 in 69ms (compile: 5ms, render: 64ms)
 GET /_next/webpack-hmr?id=XJqTx7MBaj3imPml-d4Pk 404 in 51ms (compile: 4ms, render: 47ms)
 GET /_next/webpack-hmr?id=XJqTx7MBaj3imPml-d4Pk 404 in 52ms (compile: 4ms, render: 48ms)
 GET /_next/webpack-hmr?id=XJqTx7MBaj3imPml-d4Pk 404 in 51ms (compile: 4ms, render: 47ms)
 GET / 200 in 225ms (compile: 5ms, render: 220ms)
 GET /_next/webpack-hmr?id=fRouvaeB5O2vgwkTVcXhW 404 in 63ms (compile: 5ms, render: 58ms)
 GET /_next/webpack-hmr?id=fRouvaeB5O2vgwkTVcXhW 404 in 57ms (compile: 5ms, render: 52ms)
 GET /_next/webpack-hmr?id=fRouvaeB5O2vgwkTVcXhW 404 in 49ms (compile: 4ms, render: 44ms)
 GET /_next/webpack-hmr?id=fRouvaeB5O2vgwkTVcXhW 404 in 102ms (compile: 6ms, render: 96ms)
 GET /_next/webpack-hmr?id=fRouvaeB5O2vgwkTVcXhW 404 in 61ms (compile: 5ms, render: 57ms)
 GET /_next/webpack-hmr?id=fRouvaeB5O2vgwkTVcXhW 404 in 56ms (compile: 4ms, render: 52ms)
 GET /_next/webpack-hmr?id=fRouvaeB5O2vgwkTVcXhW 404 in 58ms (compile: 4ms, render: 54ms)
 GET /_next/webpack-hmr?id=fRouvaeB5O2vgwkTVcXhW 404 in 52ms (compile: 4ms, render: 48ms)
 GET /_next/webpack-hmr?id=fRouvaeB5O2vgwkTVcXhW 404 in 52ms (compile: 5ms, render: 47ms)
 GET /_next/webpack-hmr?id=fRouvaeB5O2vgwkTVcXhW 404 in 51ms (compile: 4ms, render: 47ms)
 GET /_next/webpack-hmr?id=fRouvaeB5O2vgwkTVcXhW 404 in 60ms (compile: 4ms, render: 56ms)
 GET /_next/webpack-hmr?id=fRouvaeB5O2vgwkTVcXhW 404 in 51ms (compile: 4ms, render: 47ms)
 GET /_next/webpack-hmr?id=fRouvaeB5O2vgwkTVcXhW 404 in 55ms (compile: 4ms, render: 51ms)
 GET / 200 in 159ms (compile: 4ms, render: 155ms)
 GET /_next/webpack-hmr?id=N5JZvNqYFDiPp0IkUJMsv 404 in 55ms (compile: 6ms, render: 50ms)
 GET /_next/webpack-hmr?id=N5JZvNqYFDiPp0IkUJMsv 404 in 57ms (compile: 4ms, render: 53ms)
 GET /_next/webpack-hmr?id=N5JZvNqYFDiPp0IkUJMsv 404 in 48ms (compile: 4ms, render: 44ms)
 GET /_next/webpack-hmr?id=N5JZvNqYFDiPp0IkUJMsv 404 in 67ms (compile: 4ms, render: 63ms)
 GET /_next/webpack-hmr?id=N5JZvNqYFDiPp0IkUJMsv 404 in 97ms (compile: 4ms, render: 93ms)
 GET /_next/webpack-hmr?id=N5JZvNqYFDiPp0IkUJMsv 404 in 47ms (compile: 4ms, render: 42ms)
 GET /_next/webpack-hmr?id=N5JZvNqYFDiPp0IkUJMsv 404 in 55ms (compile: 4ms, render: 51ms)
 GET /_next/webpack-hmr?id=N5JZvNqYFDiPp0IkUJMsv 404 in 69ms (compile: 6ms, render: 62ms)
 GET /_next/webpack-hmr?id=N5JZvNqYFDiPp0IkUJMsv 404 in 59ms (compile: 4ms, render: 55ms)
 GET /_next/webpack-hmr?id=N5JZvNqYFDiPp0IkUJMsv 404 in 56ms (compile: 12ms, render: 44ms)
 GET /_next/webpack-hmr?id=N5JZvNqYFDiPp0IkUJMsv 404 in 52ms (compile: 4ms, render: 47ms)
 GET /_next/webpack-hmr?id=N5JZvNqYFDiPp0IkUJMsv 404 in 51ms (compile: 5ms, render: 46ms)
 GET /_next/webpack-hmr?id=N5JZvNqYFDiPp0IkUJMsv 404 in 73ms (compile: 4ms, render: 68ms)
 GET / 200 in 138ms (compile: 4ms, render: 133ms)
 GET /_next/webpack-hmr?id=AbqxK2Qh9L56N8uocej1a 404 in 64ms (compile: 6ms, render: 59ms)
 GET /_next/webpack-hmr?id=AbqxK2Qh9L56N8uocej1a 404 in 97ms (compile: 11ms, render: 86ms)
 GET /_next/webpack-hmr?id=AbqxK2Qh9L56N8uocej1a 404 in 50ms (compile: 4ms, render: 45ms)
 GET /_next/webpack-hmr?id=AbqxK2Qh9L56N8uocej1a 404 in 47ms (compile: 4ms, render: 44ms)
 GET /_next/webpack-hmr?id=AbqxK2Qh9L56N8uocej1a 404 in 50ms (compile: 4ms, render: 46ms)
 GET /_next/webpack-hmr?id=AbqxK2Qh9L56N8uocej1a 404 in 60ms (compile: 5ms, render: 54ms)
 GET /_next/webpack-hmr?id=AbqxK2Qh9L56N8uocej1a 404 in 57ms (compile: 5ms, render: 51ms)
 GET /_next/webpack-hmr?id=AbqxK2Qh9L56N8uocej1a 404 in 50ms (compile: 4ms, render: 46ms)
 GET /_next/webpack-hmr?id=AbqxK2Qh9L56N8uocej1a 404 in 54ms (compile: 4ms, render: 50ms)
 GET /_next/webpack-hmr?id=AbqxK2Qh9L56N8uocej1a 404 in 50ms (compile: 4ms, render: 46ms)
 GET /_next/webpack-hmr?id=AbqxK2Qh9L56N8uocej1a 404 in 59ms (compile: 6ms, render: 53ms)
 GET /_next/webpack-hmr?id=AbqxK2Qh9L56N8uocej1a 404 in 54ms (compile: 4ms, render: 49ms)
 GET /_next/webpack-hmr?id=AbqxK2Qh9L56N8uocej1a 404 in 49ms (compile: 4ms, render: 45ms)
 GET / 200 in 163ms (compile: 4ms, render: 159ms)
 GET /_next/webpack-hmr?id=QZQZLtBedwVhPDD8AaaNJ 404 in 67ms (compile: 6ms, render: 61ms)
 GET /_next/webpack-hmr?id=QZQZLtBedwVhPDD8AaaNJ 404 in 53ms (compile: 4ms, render: 50ms)
 GET /_next/webpack-hmr?id=QZQZLtBedwVhPDD8AaaNJ 404 in 58ms (compile: 4ms, render: 54ms)
 GET /_next/webpack-hmr?id=QZQZLtBedwVhPDD8AaaNJ 404 in 62ms (compile: 4ms, render: 58ms)
 GET /_next/webpack-hmr?id=QZQZLtBedwVhPDD8AaaNJ 404 in 48ms (compile: 4ms, render: 44ms)
 GET /_next/webpack-hmr?id=QZQZLtBedwVhPDD8AaaNJ 404 in 57ms (compile: 4ms, render: 53ms)
 GET /_next/webpack-hmr?id=QZQZLtBedwVhPDD8AaaNJ 404 in 87ms (compile: 4ms, render: 83ms)
 GET /_next/webpack-hmr?id=QZQZLtBedwVhPDD8AaaNJ 404 in 48ms (compile: 4ms, render: 44ms)
 GET /_next/webpack-hmr?id=QZQZLtBedwVhPDD8AaaNJ 404 in 51ms (compile: 5ms, render: 46ms)
 GET /_next/webpack-hmr?id=QZQZLtBedwVhPDD8AaaNJ 404 in 64ms (compile: 5ms, render: 59ms)
 GET /_next/webpack-hmr?id=QZQZLtBedwVhPDD8AaaNJ 404 in 65ms (compile: 5ms, render: 60ms)
 GET /_next/webpack-hmr?id=QZQZLtBedwVhPDD8AaaNJ 404 in 60ms (compile: 4ms, render: 56ms)
 GET /_next/webpack-hmr?id=QZQZLtBedwVhPDD8AaaNJ 404 in 49ms (compile: 4ms, render: 45ms)
 GET / 200 in 161ms (compile: 4ms, render: 157ms)
 GET /_next/webpack-hmr?id=tspbkOq6DUcWMkoy2_hKN 404 in 63ms (compile: 6ms, render: 57ms)
 GET /_next/webpack-hmr?id=tspbkOq6DUcWMkoy2_hKN 404 in 45ms (compile: 4ms, render: 41ms)
 GET /_next/webpack-hmr?id=tspbkOq6DUcWMkoy2_hKN 404 in 44ms (compile: 4ms, render: 40ms)
 GET /_next/webpack-hmr?id=tspbkOq6DUcWMkoy2_hKN 404 in 87ms (compile: 4ms, render: 83ms)
 GET /_next/webpack-hmr?id=tspbkOq6DUcWMkoy2_hKN 404 in 76ms (compile: 6ms, render: 70ms)
 GET /_next/webpack-hmr?id=tspbkOq6DUcWMkoy2_hKN 404 in 55ms (compile: 4ms, render: 51ms)
 GET /_next/webpack-hmr?id=tspbkOq6DUcWMkoy2_hKN 404 in 60ms (compile: 4ms, render: 56ms)
 GET /_next/webpack-hmr?id=tspbkOq6DUcWMkoy2_hKN 404 in 66ms (compile: 7ms, render: 59ms)
 GET /_next/webpack-hmr?id=tspbkOq6DUcWMkoy2_hKN 404 in 55ms (compile: 5ms, render: 50ms)
 GET /_next/webpack-hmr?id=tspbkOq6DUcWMkoy2_hKN 404 in 50ms (compile: 4ms, render: 46ms)
 GET /_next/webpack-hmr?id=tspbkOq6DUcWMkoy2_hKN 404 in 50ms (compile: 4ms, render: 46ms)
 GET /_next/webpack-hmr?id=tspbkOq6DUcWMkoy2_hKN 404 in 52ms (compile: 4ms, render: 48ms)
 GET /_next/webpack-hmr?id=tspbkOq6DUcWMkoy2_hKN 404 in 68ms (compile: 5ms, render: 63ms)
 GET / 200 in 160ms (compile: 4ms, render: 156ms)
 GET /_next/webpack-hmr?id=KNtvGLBAc4yo6TxNyIGp- 404 in 56ms (compile: 7ms, render: 50ms)
 GET /_next/webpack-hmr?id=KNtvGLBAc4yo6TxNyIGp- 404 in 51ms (compile: 4ms, render: 47ms)
 GET /_next/webpack-hmr?id=KNtvGLBAc4yo6TxNyIGp- 404 in 67ms (compile: 4ms, render: 62ms)
 GET /_next/webpack-hmr?id=KNtvGLBAc4yo6TxNyIGp- 404 in 51ms (compile: 4ms, render: 46ms)
 GET /_next/webpack-hmr?id=KNtvGLBAc4yo6TxNyIGp- 404 in 49ms (compile: 4ms, render: 45ms)
 GET /_next/webpack-hmr?id=KNtvGLBAc4yo6TxNyIGp- 404 in 52ms (compile: 4ms, render: 48ms)
 GET /_next/webpack-hmr?id=KNtvGLBAc4yo6TxNyIGp- 404 in 51ms (compile: 4ms, render: 47ms)
 GET /_next/webpack-hmr?id=KNtvGLBAc4yo6TxNyIGp- 404 in 49ms (compile: 4ms, render: 45ms)
 GET /_next/webpack-hmr?id=KNtvGLBAc4yo6TxNyIGp- 404 in 90ms (compile: 5ms, render: 85ms)
 GET /_next/webpack-hmr?id=KNtvGLBAc4yo6TxNyIGp- 404 in 57ms (compile: 5ms, render: 53ms)
 GET /_next/webpack-hmr?id=KNtvGLBAc4yo6TxNyIGp- 404 in 50ms (compile: 4ms, render: 46ms)
 GET /_next/webpack-hmr?id=KNtvGLBAc4yo6TxNyIGp- 404 in 52ms (compile: 4ms, render: 48ms)
 GET /_next/webpack-hmr?id=KNtvGLBAc4yo6TxNyIGp- 404 in 50ms (compile: 4ms, render: 46ms)
 GET / 200 in 197ms (compile: 5ms, render: 192ms)
 GET /_next/webpack-hmr?id=tk5jHsWlEEgIIY-Om5Eem 404 in 63ms (compile: 6ms, render: 57ms)
 GET /_next/webpack-hmr?id=tk5jHsWlEEgIIY-Om5Eem 404 in 64ms (compile: 4ms, render: 60ms)
 GET /_next/webpack-hmr?id=tk5jHsWlEEgIIY-Om5Eem 404 in 52ms (compile: 4ms, render: 48ms)
 GET /_next/webpack-hmr?id=tk5jHsWlEEgIIY-Om5Eem 404 in 61ms (compile: 4ms, render: 57ms)
 GET /_next/webpack-hmr?id=tk5jHsWlEEgIIY-Om5Eem 404 in 72ms (compile: 3ms, render: 69ms)
 GET /_next/webpack-hmr?id=tk5jHsWlEEgIIY-Om5Eem 404 in 55ms (compile: 5ms, render: 50ms)
 GET /_next/webpack-hmr?id=tk5jHsWlEEgIIY-Om5Eem 404 in 52ms (compile: 4ms, render: 49ms)
 GET /_next/webpack-hmr?id=tk5jHsWlEEgIIY-Om5Eem 404 in 62ms (compile: 6ms, render: 56ms)
 GET /_next/webpack-hmr?id=tk5jHsWlEEgIIY-Om5Eem 404 in 60ms (compile: 5ms, render: 56ms)
 GET /_next/webpack-hmr?id=tk5jHsWlEEgIIY-Om5Eem 404 in 53ms (compile: 4ms, render: 49ms)
 GET /_next/webpack-hmr?id=tk5jHsWlEEgIIY-Om5Eem 404 in 56ms (compile: 5ms, render: 50ms)
 GET / 200 in 220ms (compile: 6ms, render: 213ms)
 GET /_next/webpack-hmr?id=3bCsi_GRyDrwTPB3pMHts 404 in 106ms (compile: 8ms, render: 99ms)
 GET /_next/webpack-hmr?id=3bCsi_GRyDrwTPB3pMHts 404 in 57ms (compile: 5ms, render: 53ms)
 GET /_next/webpack-hmr?id=3bCsi_GRyDrwTPB3pMHts 404 in 52ms (compile: 5ms, render: 47ms)
 GET /_next/webpack-hmr?id=3bCsi_GRyDrwTPB3pMHts 404 in 97ms (compile: 3ms, render: 94ms)
 GET /_next/webpack-hmr?id=3bCsi_GRyDrwTPB3pMHts 404 in 54ms (compile: 5ms, render: 49ms)
 GET /_next/webpack-hmr?id=3bCsi_GRyDrwTPB3pMHts 404 in 57ms (compile: 4ms, render: 53ms)
 GET /_next/webpack-hmr?id=3bCsi_GRyDrwTPB3pMHts 404 in 60ms (compile: 5ms, render: 55ms)
 GET /_next/webpack-hmr?id=3bCsi_GRyDrwTPB3pMHts 404 in 59ms (compile: 4ms, render: 55ms)
 GET /_next/webpack-hmr?id=3bCsi_GRyDrwTPB3pMHts 404 in 110ms (compile: 6ms, render: 104ms)
 GET /_next/webpack-hmr?id=3bCsi_GRyDrwTPB3pMHts 404 in 49ms (compile: 4ms, render: 45ms)
 GET /_next/webpack-hmr?id=3bCsi_GRyDrwTPB3pMHts 404 in 61ms (compile: 5ms, render: 56ms)
 GET /_next/webpack-hmr?id=3bCsi_GRyDrwTPB3pMHts 404 in 62ms (compile: 9ms, render: 52ms)
 GET /_next/webpack-hmr?id=3bCsi_GRyDrwTPB3pMHts 404 in 50ms (compile: 4ms, render: 46ms)
 GET / 200 in 147ms (compile: 4ms, render: 143ms)
 GET /_next/webpack-hmr?id=__oiR4YCtkYjVd6Ns98Xr 404 in 52ms (compile: 5ms, render: 47ms)
 GET /_next/webpack-hmr?id=__oiR4YCtkYjVd6Ns98Xr 404 in 49ms (compile: 4ms, render: 45ms)
 GET /_next/webpack-hmr?id=__oiR4YCtkYjVd6Ns98Xr 404 in 75ms (compile: 4ms, render: 71ms)
 GET /_next/webpack-hmr?id=__oiR4YCtkYjVd6Ns98Xr 404 in 49ms (compile: 4ms, render: 45ms)
 GET /_next/webpack-hmr?id=__oiR4YCtkYjVd6Ns98Xr 404 in 50ms (compile: 5ms, render: 46ms)
 GET /_next/webpack-hmr?id=__oiR4YCtkYjVd6Ns98Xr 404 in 64ms (compile: 5ms, render: 59ms)
 GET /_next/webpack-hmr?id=__oiR4YCtkYjVd6Ns98Xr 404 in 49ms (compile: 4ms, render: 45ms)
 GET /_next/webpack-hmr?id=__oiR4YCtkYjVd6Ns98Xr 404 in 63ms (compile: 4ms, render: 58ms)
 GET /_next/webpack-hmr?id=__oiR4YCtkYjVd6Ns98Xr 404 in 49ms (compile: 4ms, render: 45ms)
 GET /_next/webpack-hmr?id=__oiR4YCtkYjVd6Ns98Xr 404 in 60ms (compile: 4ms, render: 56ms)
 GET /_next/webpack-hmr?id=__oiR4YCtkYjVd6Ns98Xr 404 in 63ms (compile: 5ms, render: 58ms)
 GET /_next/webpack-hmr?id=__oiR4YCtkYjVd6Ns98Xr 404 in 53ms (compile: 4ms, render: 49ms)
 GET /_next/webpack-hmr?id=__oiR4YCtkYjVd6Ns98Xr 404 in 51ms (compile: 6ms, render: 45ms)
 GET / 200 in 171ms (compile: 4ms, render: 166ms)
 GET /_next/webpack-hmr?id=Z5ewvI7VRzHpBBQdUCkJF 404 in 54ms (compile: 6ms, render: 48ms)
 GET /_next/webpack-hmr?id=Z5ewvI7VRzHpBBQdUCkJF 404 in 52ms (compile: 4ms, render: 48ms)
 GET /_next/webpack-hmr?id=Z5ewvI7VRzHpBBQdUCkJF 404 in 60ms (compile: 5ms, render: 55ms)
 GET /_next/webpack-hmr?id=Z5ewvI7VRzHpBBQdUCkJF 404 in 69ms (compile: 6ms, render: 63ms)
 GET /_next/webpack-hmr?id=Z5ewvI7VRzHpBBQdUCkJF 404 in 62ms (compile: 5ms, render: 57ms)
 GET /_next/webpack-hmr?id=Z5ewvI7VRzHpBBQdUCkJF 404 in 77ms (compile: 4ms, render: 73ms)
 GET /_next/webpack-hmr?id=Z5ewvI7VRzHpBBQdUCkJF 404 in 57ms (compile: 4ms, render: 53ms)
 GET /_next/webpack-hmr?id=Z5ewvI7VRzHpBBQdUCkJF 404 in 57ms (compile: 4ms, render: 53ms)
 GET /_next/webpack-hmr?id=Z5ewvI7VRzHpBBQdUCkJF 404 in 76ms (compile: 4ms, render: 71ms)
 GET /_next/webpack-hmr?id=Z5ewvI7VRzHpBBQdUCkJF 404 in 57ms (compile: 4ms, render: 53ms)
 GET /_next/webpack-hmr?id=Z5ewvI7VRzHpBBQdUCkJF 404 in 58ms (compile: 4ms, render: 53ms)
 GET / 200 in 226ms (compile: 4ms, render: 221ms)
 GET /_next/webpack-hmr?id=qLXaNZSbedH-s_kqmZJ1x 404 in 57ms (compile: 5ms, render: 52ms)
 GET /_next/webpack-hmr?id=qLXaNZSbedH-s_kqmZJ1x 404 in 83ms (compile: 7ms, render: 77ms)
 GET /_next/webpack-hmr?id=qLXaNZSbedH-s_kqmZJ1x 404 in 58ms (compile: 3ms, render: 55ms)
 GET /_next/webpack-hmr?id=qLXaNZSbedH-s_kqmZJ1x 404 in 53ms (compile: 4ms, render: 50ms)
 GET /_next/webpack-hmr?id=qLXaNZSbedH-s_kqmZJ1x 404 in 84ms (compile: 4ms, render: 79ms)
 GET /_next/webpack-hmr?id=qLXaNZSbedH-s_kqmZJ1x 404 in 54ms (compile: 5ms, render: 50ms)
 GET /_next/webpack-hmr?id=qLXaNZSbedH-s_kqmZJ1x 404 in 50ms (compile: 4ms, render: 46ms)
 GET /_next/webpack-hmr?id=qLXaNZSbedH-s_kqmZJ1x 404 in 54ms (compile: 5ms, render: 49ms)
 GET /_next/webpack-hmr?id=qLXaNZSbedH-s_kqmZJ1x 404 in 52ms (compile: 5ms, render: 47ms)
 GET /_next/webpack-hmr?id=qLXaNZSbedH-s_kqmZJ1x 404 in 50ms (compile: 4ms, render: 46ms)
 GET /_next/webpack-hmr?id=qLXaNZSbedH-s_kqmZJ1x 404 in 84ms (compile: 4ms, render: 80ms)
 GET /_next/webpack-hmr?id=qLXaNZSbedH-s_kqmZJ1x 404 in 51ms (compile: 4ms, render: 47ms)
 GET /_next/webpack-hmr?id=qLXaNZSbedH-s_kqmZJ1x 404 in 56ms (compile: 4ms, render: 52ms)
 GET / 200 in 176ms (compile: 4ms, render: 172ms)
 GET /_next/webpack-hmr?id=C7z7o8W4IINC1kGH1YoSE 404 in 66ms (compile: 7ms, render: 59ms)
 GET /_next/webpack-hmr?id=C7z7o8W4IINC1kGH1YoSE 404 in 51ms (compile: 4ms, render: 47ms)
 GET /_next/webpack-hmr?id=C7z7o8W4IINC1kGH1YoSE 404 in 44ms (compile: 4ms, render: 39ms)
 GET /_next/webpack-hmr?id=C7z7o8W4IINC1kGH1YoSE 404 in 54ms (compile: 4ms, render: 50ms)
 GET /_next/webpack-hmr?id=C7z7o8W4IINC1kGH1YoSE 404 in 82ms (compile: 4ms, render: 78ms)
 GET /_next/webpack-hmr?id=C7z7o8W4IINC1kGH1YoSE 404 in 53ms (compile: 5ms, render: 49ms)
 GET /_next/webpack-hmr?id=C7z7o8W4IINC1kGH1YoSE 404 in 56ms (compile: 5ms, render: 52ms)
 GET /_next/webpack-hmr?id=C7z7o8W4IINC1kGH1YoSE 404 in 61ms (compile: 6ms, render: 56ms)
 GET /_next/webpack-hmr?id=C7z7o8W4IINC1kGH1YoSE 404 in 62ms (compile: 5ms, render: 57ms)
 GET /_next/webpack-hmr?id=C7z7o8W4IINC1kGH1YoSE 404 in 62ms (compile: 16ms, render: 46ms)
 GET /_next/webpack-hmr?id=C7z7o8W4IINC1kGH1YoSE 404 in 94ms (compile: 4ms, render: 90ms)
 GET /_next/webpack-hmr?id=C7z7o8W4IINC1kGH1YoSE 404 in 52ms (compile: 5ms, render: 47ms)
 GET /_next/webpack-hmr?id=C7z7o8W4IINC1kGH1YoSE 404 in 55ms (compile: 5ms, render: 50ms)
 GET / 200 in 141ms (compile: 4ms, render: 136ms)
 GET /_next/webpack-hmr?id=kEPwQXxwFvRrY9VuC_3a8 404 in 53ms (compile: 6ms, render: 47ms)
 GET /_next/webpack-hmr?id=kEPwQXxwFvRrY9VuC_3a8 404 in 54ms (compile: 4ms, render: 49ms)
 GET /_next/webpack-hmr?id=kEPwQXxwFvRrY9VuC_3a8 404 in 48ms (compile: 4ms, render: 44ms)
 GET /_next/webpack-hmr?id=kEPwQXxwFvRrY9VuC_3a8 404 in 75ms (compile: 4ms, render: 71ms)
 GET /_next/webpack-hmr?id=kEPwQXxwFvRrY9VuC_3a8 404 in 49ms (compile: 5ms, render: 45ms)
 GET /_next/webpack-hmr?id=kEPwQXxwFvRrY9VuC_3a8 404 in 46ms (compile: 4ms, render: 42ms)
 GET /_next/webpack-hmr?id=kEPwQXxwFvRrY9VuC_3a8 404 in 63ms (compile: 4ms, render: 59ms)
 GET /_next/webpack-hmr?id=kEPwQXxwFvRrY9VuC_3a8 404 in 87ms (compile: 4ms, render: 83ms)
 GET /_next/webpack-hmr?id=kEPwQXxwFvRrY9VuC_3a8 404 in 52ms (compile: 5ms, render: 47ms)
 GET /_next/webpack-hmr?id=kEPwQXxwFvRrY9VuC_3a8 404 in 52ms (compile: 5ms, render: 48ms)
 GET /_next/webpack-hmr?id=kEPwQXxwFvRrY9VuC_3a8 404 in 48ms (compile: 4ms, render: 44ms)
 GET /_next/webpack-hmr?id=kEPwQXxwFvRrY9VuC_3a8 404 in 49ms (compile: 4ms, render: 45ms)
 GET /_next/webpack-hmr?id=kEPwQXxwFvRrY9VuC_3a8 404 in 62ms (compile: 6ms, render: 57ms)
 GET / 200 in 258ms (compile: 5ms, render: 253ms)
 GET /_next/webpack-hmr?id=d6I-pfcfuZ1HVPwzFrONq 404 in 61ms (compile: 7ms, render: 54ms)
 GET /_next/webpack-hmr?id=d6I-pfcfuZ1HVPwzFrONq 404 in 58ms (compile: 5ms, render: 53ms)
 GET /_next/webpack-hmr?id=d6I-pfcfuZ1HVPwzFrONq 404 in 61ms (compile: 5ms, render: 57ms)
 GET /_next/webpack-hmr?id=d6I-pfcfuZ1HVPwzFrONq 404 in 90ms (compile: 6ms, render: 84ms)
 GET /_next/webpack-hmr?id=d6I-pfcfuZ1HVPwzFrONq 404 in 52ms (compile: 5ms, render: 47ms)
 GET /_next/webpack-hmr?id=d6I-pfcfuZ1HVPwzFrONq 404 in 65ms (compile: 6ms, render: 59ms)
 GET /_next/webpack-hmr?id=d6I-pfcfuZ1HVPwzFrONq 404 in 62ms (compile: 6ms, render: 56ms)
 GET /_next/webpack-hmr?id=d6I-pfcfuZ1HVPwzFrONq 404 in 53ms (compile: 4ms, render: 48ms)
 GET /_next/webpack-hmr?id=d6I-pfcfuZ1HVPwzFrONq 404 in 54ms (compile: 4ms, render: 50ms)
 GET /_next/webpack-hmr?id=d6I-pfcfuZ1HVPwzFrONq 404 in 61ms (compile: 4ms, render: 57ms)
 GET /_next/webpack-hmr?id=d6I-pfcfuZ1HVPwzFrONq 404 in 76ms (compile: 4ms, render: 72ms)
 GET /_next/webpack-hmr?id=d6I-pfcfuZ1HVPwzFrONq 404 in 53ms (compile: 4ms, render: 49ms)
 GET / 200 in 130ms (compile: 7ms, render: 124ms)
 GET /_next/webpack-hmr?id=ocyW0t8wa464h6Z7eIFyM 404 in 65ms (compile: 6ms, render: 59ms)
 GET /_next/webpack-hmr?id=ocyW0t8wa464h6Z7eIFyM 404 in 51ms (compile: 4ms, render: 47ms)
 GET /_next/webpack-hmr?id=ocyW0t8wa464h6Z7eIFyM 404 in 46ms (compile: 4ms, render: 42ms)
 GET /_next/webpack-hmr?id=ocyW0t8wa464h6Z7eIFyM 404 in 53ms (compile: 4ms, render: 49ms)
 GET /_next/webpack-hmr?id=ocyW0t8wa464h6Z7eIFyM 404 in 63ms (compile: 4ms, render: 59ms)
 GET /_next/webpack-hmr?id=ocyW0t8wa464h6Z7eIFyM 404 in 51ms (compile: 5ms, render: 46ms)
 GET /_next/webpack-hmr?id=ocyW0t8wa464h6Z7eIFyM 404 in 49ms (compile: 4ms, render: 45ms)
 GET /_next/webpack-hmr?id=ocyW0t8wa464h6Z7eIFyM 404 in 46ms (compile: 4ms, render: 42ms)
 GET /_next/webpack-hmr?id=ocyW0t8wa464h6Z7eIFyM 404 in 46ms (compile: 4ms, render: 42ms)
 GET /_next/webpack-hmr?id=ocyW0t8wa464h6Z7eIFyM 404 in 74ms (compile: 4ms, render: 70ms)
 GET /_next/webpack-hmr?id=ocyW0t8wa464h6Z7eIFyM 404 in 50ms (compile: 5ms, render: 45ms)
 GET /_next/webpack-hmr?id=ocyW0t8wa464h6Z7eIFyM 404 in 53ms (compile: 4ms, render: 49ms)
 GET /_next/webpack-hmr?id=ocyW0t8wa464h6Z7eIFyM 404 in 52ms (compile: 6ms, render: 46ms)
 GET / 200 in 214ms (compile: 6ms, render: 209ms)
 GET /_next/webpack-hmr?id=2FAUd2gDPCvhR6HOmhxZ9 404 in 58ms (compile: 5ms, render: 52ms)
 GET /_next/webpack-hmr?id=2FAUd2gDPCvhR6HOmhxZ9 404 in 44ms (compile: 4ms, render: 40ms)
 GET /_next/webpack-hmr?id=2FAUd2gDPCvhR6HOmhxZ9 404 in 44ms (compile: 4ms, render: 40ms)
 GET /_next/webpack-hmr?id=2FAUd2gDPCvhR6HOmhxZ9 404 in 70ms (compile: 5ms, render: 65ms)
 GET /_next/webpack-hmr?id=2FAUd2gDPCvhR6HOmhxZ9 404 in 48ms (compile: 4ms, render: 44ms)
 GET /_next/webpack-hmr?id=2FAUd2gDPCvhR6HOmhxZ9 404 in 119ms (compile: 4ms, render: 115ms)
 GET /_next/webpack-hmr?id=2FAUd2gDPCvhR6HOmhxZ9 404 in 47ms (compile: 4ms, render: 43ms)
 GET /_next/webpack-hmr?id=2FAUd2gDPCvhR6HOmhxZ9 404 in 49ms (compile: 5ms, render: 44ms)
 GET /_next/webpack-hmr?id=2FAUd2gDPCvhR6HOmhxZ9 404 in 57ms (compile: 7ms, render: 50ms)
 GET /_next/webpack-hmr?id=2FAUd2gDPCvhR6HOmhxZ9 404 in 47ms (compile: 5ms, render: 41ms)
 GET /_next/webpack-hmr?id=2FAUd2gDPCvhR6HOmhxZ9 404 in 53ms (compile: 5ms, render: 47ms)
 GET /_next/webpack-hmr?id=2FAUd2gDPCvhR6HOmhxZ9 404 in 69ms (compile: 6ms, render: 63ms)
 GET /_next/webpack-hmr?id=2FAUd2gDPCvhR6HOmhxZ9 404 in 50ms (compile: 4ms, render: 46ms)
 GET / 200 in 129ms (compile: 4ms, render: 125ms)
 GET /_next/webpack-hmr?id=m9xfKsw0CXa3NGs-Ue0bM 404 in 55ms (compile: 6ms, render: 49ms)
 GET /_next/webpack-hmr?id=m9xfKsw0CXa3NGs-Ue0bM 404 in 52ms (compile: 4ms, render: 48ms)
 GET /_next/webpack-hmr?id=m9xfKsw0CXa3NGs-Ue0bM 404 in 49ms (compile: 6ms, render: 43ms)
 GET /_next/webpack-hmr?id=m9xfKsw0CXa3NGs-Ue0bM 404 in 50ms (compile: 4ms, render: 46ms)
 GET /_next/webpack-hmr?id=m9xfKsw0CXa3NGs-Ue0bM 404 in 54ms (compile: 4ms, render: 50ms)
 GET /_next/webpack-hmr?id=m9xfKsw0CXa3NGs-Ue0bM 404 in 47ms (compile: 4ms, render: 43ms)
 GET /_next/webpack-hmr?id=m9xfKsw0CXa3NGs-Ue0bM 404 in 52ms (compile: 4ms, render: 49ms)
 GET /_next/webpack-hmr?id=m9xfKsw0CXa3NGs-Ue0bM 404 in 47ms (compile: 4ms, render: 43ms)
 GET /_next/webpack-hmr?id=m9xfKsw0CXa3NGs-Ue0bM 404 in 47ms (compile: 4ms, render: 43ms)
 GET /_next/webpack-hmr?id=m9xfKsw0CXa3NGs-Ue0bM 404 in 47ms (compile: 4ms, render: 43ms)
 GET /_next/webpack-hmr?id=m9xfKsw0CXa3NGs-Ue0bM 404 in 84ms (compile: 4ms, render: 80ms)
 GET /_next/webpack-hmr?id=m9xfKsw0CXa3NGs-Ue0bM 404 in 60ms (compile: 4ms, render: 56ms)
 GET /_next/webpack-hmr?id=m9xfKsw0CXa3NGs-Ue0bM 404 in 46ms (compile: 4ms, render: 43ms)
 GET / 200 in 159ms (compile: 4ms, render: 155ms)
 GET /_next/webpack-hmr?id=Qc73bizVZqE5k4USc2jyp 404 in 55ms (compile: 5ms, render: 50ms)
 GET /_next/webpack-hmr?id=Qc73bizVZqE5k4USc2jyp 404 in 49ms (compile: 4ms, render: 45ms)
 GET /_next/webpack-hmr?id=Qc73bizVZqE5k4USc2jyp 404 in 46ms (compile: 4ms, render: 42ms)
 GET /_next/webpack-hmr?id=Qc73bizVZqE5k4USc2jyp 404 in 47ms (compile: 5ms, render: 42ms)
 GET /_next/webpack-hmr?id=Qc73bizVZqE5k4USc2jyp 404 in 51ms (compile: 5ms, render: 45ms)
 GET /_next/webpack-hmr?id=Qc73bizVZqE5k4USc2jyp 404 in 126ms (compile: 4ms, render: 122ms)
 GET /_next/webpack-hmr?id=Qc73bizVZqE5k4USc2jyp 404 in 55ms (compile: 5ms, render: 50ms)
 GET /_next/webpack-hmr?id=Qc73bizVZqE5k4USc2jyp 404 in 65ms (compile: 5ms, render: 60ms)
 GET /_next/webpack-hmr?id=Qc73bizVZqE5k4USc2jyp 404 in 57ms (compile: 4ms, render: 53ms)
 GET /_next/webpack-hmr?id=Qc73bizVZqE5k4USc2jyp 404 in 61ms (compile: 6ms, render: 55ms)
 GET /_next/webpack-hmr?id=Qc73bizVZqE5k4USc2jyp 404 in 56ms (compile: 4ms, render: 52ms)
 GET /_next/webpack-hmr?id=Qc73bizVZqE5k4USc2jyp 404 in 55ms (compile: 4ms, render: 51ms)
 GET /_next/webpack-hmr?id=Qc73bizVZqE5k4USc2jyp 404 in 76ms (compile: 4ms, render: 72ms)
 GET / 200 in 170ms (compile: 4ms, render: 165ms)
 GET /_next/webpack-hmr?id=1aRe419luzJGx1hIMomGc 404 in 58ms (compile: 6ms, render: 51ms)
 GET /_next/webpack-hmr?id=1aRe419luzJGx1hIMomGc 404 in 63ms (compile: 4ms, render: 60ms)
 GET /_next/webpack-hmr?id=1aRe419luzJGx1hIMomGc 404 in 58ms (compile: 5ms, render: 54ms)
 GET /_next/webpack-hmr?id=1aRe419luzJGx1hIMomGc 404 in 83ms (compile: 7ms, render: 75ms)
 GET /_next/webpack-hmr?id=1aRe419luzJGx1hIMomGc 404 in 78ms (compile: 4ms, render: 74ms)
 GET /_next/webpack-hmr?id=1aRe419luzJGx1hIMomGc 404 in 61ms (compile: 4ms, render: 57ms)
 GET /_next/webpack-hmr?id=1aRe419luzJGx1hIMomGc 404 in 57ms (compile: 5ms, render: 52ms)
 GET /_next/webpack-hmr?id=1aRe419luzJGx1hIMomGc 404 in 48ms (compile: 4ms, render: 44ms)
 GET /_next/webpack-hmr?id=1aRe419luzJGx1hIMomGc 404 in 54ms (compile: 4ms, render: 50ms)
 GET /_next/webpack-hmr?id=1aRe419luzJGx1hIMomGc 404 in 68ms (compile: 5ms, render: 64ms)
 GET /_next/webpack-hmr?id=1aRe419luzJGx1hIMomGc 404 in 53ms (compile: 4ms, render: 49ms)
 GET /_next/webpack-hmr?id=1aRe419luzJGx1hIMomGc 404 in 71ms (compile: 5ms, render: 66ms)
 GET /_next/webpack-hmr?id=1aRe419luzJGx1hIMomGc 404 in 75ms (compile: 4ms, render: 71ms)
 GET / 200 in 145ms (compile: 5ms, render: 140ms)
 GET /_next/webpack-hmr?id=SYDrRABT597jTeUCKGGAW 404 in 47ms (compile: 5ms, render: 42ms)
 GET /_next/webpack-hmr?id=SYDrRABT597jTeUCKGGAW 404 in 66ms (compile: 5ms, render: 60ms)
 GET /_next/webpack-hmr?id=SYDrRABT597jTeUCKGGAW 404 in 54ms (compile: 4ms, render: 49ms)
 GET /_next/webpack-hmr?id=SYDrRABT597jTeUCKGGAW 404 in 54ms (compile: 4ms, render: 50ms)
 GET /_next/webpack-hmr?id=SYDrRABT597jTeUCKGGAW 404 in 61ms (compile: 6ms, render: 54ms)
 GET /_next/webpack-hmr?id=SYDrRABT597jTeUCKGGAW 404 in 52ms (compile: 4ms, render: 48ms)
 GET /_next/webpack-hmr?id=SYDrRABT597jTeUCKGGAW 404 in 66ms (compile: 4ms, render: 62ms)
 GET /_next/webpack-hmr?id=SYDrRABT597jTeUCKGGAW 404 in 58ms (compile: 4ms, render: 53ms)
 GET /_next/webpack-hmr?id=SYDrRABT597jTeUCKGGAW 404 in 50ms (compile: 4ms, render: 46ms)
 GET /_next/webpack-hmr?id=SYDrRABT597jTeUCKGGAW 404 in 57ms (compile: 4ms, render: 53ms)
 GET /_next/webpack-hmr?id=SYDrRABT597jTeUCKGGAW 404 in 58ms (compile: 4ms, render: 54ms)
 GET /_next/webpack-hmr?id=SYDrRABT597jTeUCKGGAW 404 in 81ms (compile: 4ms, render: 77ms)
 GET /_next/webpack-hmr?id=SYDrRABT597jTeUCKGGAW 404 in 61ms (compile: 4ms, render: 57ms)
 GET / 200 in 161ms (compile: 5ms, render: 156ms)
 GET /_next/webpack-hmr?id=jenSUL4vKf_Y-KvatoD4h 404 in 52ms (compile: 5ms, render: 47ms)
 GET /_next/webpack-hmr?id=jenSUL4vKf_Y-KvatoD4h 404 in 57ms (compile: 4ms, render: 53ms)
 GET /_next/webpack-hmr?id=jenSUL4vKf_Y-KvatoD4h 404 in 46ms (compile: 4ms, render: 42ms)
 GET /_next/webpack-hmr?id=jenSUL4vKf_Y-KvatoD4h 404 in 60ms (compile: 4ms, render: 55ms)
 GET /_next/webpack-hmr?id=jenSUL4vKf_Y-KvatoD4h 404 in 50ms (compile: 4ms, render: 46ms)
 GET /_next/webpack-hmr?id=jenSUL4vKf_Y-KvatoD4h 404 in 78ms (compile: 4ms, render: 74ms)
 GET /_next/webpack-hmr?id=jenSUL4vKf_Y-KvatoD4h 404 in 59ms (compile: 6ms, render: 53ms)
 GET /_next/webpack-hmr?id=jenSUL4vKf_Y-KvatoD4h 404 in 49ms (compile: 4ms, render: 45ms)
 GET /_next/webpack-hmr?id=jenSUL4vKf_Y-KvatoD4h 404 in 65ms (compile: 8ms, render: 57ms)
 GET /_next/webpack-hmr?id=jenSUL4vKf_Y-KvatoD4h 404 in 56ms (compile: 5ms, render: 51ms)
 GET /_next/webpack-hmr?id=jenSUL4vKf_Y-KvatoD4h 404 in 62ms (compile: 7ms, render: 55ms)
 GET /_next/webpack-hmr?id=jenSUL4vKf_Y-KvatoD4h 404 in 76ms (compile: 4ms, render: 72ms)
 GET / 200 in 155ms (compile: 6ms, render: 149ms)
 GET /_next/webpack-hmr?id=C6Hvl6rZPqDya6wJvWNcU 404 in 82ms (compile: 9ms, render: 73ms)
 GET /_next/webpack-hmr?id=C6Hvl6rZPqDya6wJvWNcU 404 in 63ms (compile: 4ms, render: 59ms)
 GET /_next/webpack-hmr?id=C6Hvl6rZPqDya6wJvWNcU 404 in 63ms (compile: 6ms, render: 56ms)
 GET /_next/webpack-hmr?id=C6Hvl6rZPqDya6wJvWNcU 404 in 69ms (compile: 4ms, render: 65ms)
 GET /_next/webpack-hmr?id=C6Hvl6rZPqDya6wJvWNcU 404 in 50ms (compile: 4ms, render: 46ms)
 GET /_next/webpack-hmr?id=C6Hvl6rZPqDya6wJvWNcU 404 in 66ms (compile: 5ms, render: 60ms)
 GET /_next/webpack-hmr?id=C6Hvl6rZPqDya6wJvWNcU 404 in 60ms (compile: 5ms, render: 55ms)
 GET /_next/webpack-hmr?id=C6Hvl6rZPqDya6wJvWNcU 404 in 53ms (compile: 4ms, render: 50ms)
 GET /_next/webpack-hmr?id=C6Hvl6rZPqDya6wJvWNcU 404 in 68ms (compile: 5ms, render: 63ms)
 GET /_next/webpack-hmr?id=C6Hvl6rZPqDya6wJvWNcU 404 in 55ms (compile: 5ms, render: 50ms)
 GET /_next/webpack-hmr?id=C6Hvl6rZPqDya6wJvWNcU 404 in 62ms (compile: 5ms, render: 57ms)
 GET /_next/webpack-hmr?id=C6Hvl6rZPqDya6wJvWNcU 404 in 56ms (compile: 4ms, render: 52ms)
 GET /_next/webpack-hmr?id=C6Hvl6rZPqDya6wJvWNcU 404 in 56ms (compile: 5ms, render: 51ms)
 GET / 200 in 192ms (compile: 5ms, render: 187ms)
 GET /_next/webpack-hmr?id=2dehOG-F0_egtn_804Qny 404 in 70ms (compile: 8ms, render: 62ms)
 GET /_next/webpack-hmr?id=2dehOG-F0_egtn_804Qny 404 in 61ms (compile: 5ms, render: 57ms)
 GET /_next/webpack-hmr?id=2dehOG-F0_egtn_804Qny 404 in 50ms (compile: 4ms, render: 46ms)
 GET /_next/webpack-hmr?id=2dehOG-F0_egtn_804Qny 404 in 56ms (compile: 5ms, render: 51ms)
 GET /_next/webpack-hmr?id=2dehOG-F0_egtn_804Qny 404 in 74ms (compile: 4ms, render: 70ms)
 GET /_next/webpack-hmr?id=2dehOG-F0_egtn_804Qny 404 in 54ms (compile: 4ms, render: 50ms)
 GET /_next/webpack-hmr?id=2dehOG-F0_egtn_804Qny 404 in 57ms (compile: 9ms, render: 48ms)
 GET /_next/webpack-hmr?id=2dehOG-F0_egtn_804Qny 404 in 58ms (compile: 6ms, render: 52ms)
 GET /_next/webpack-hmr?id=2dehOG-F0_egtn_804Qny 404 in 51ms (compile: 6ms, render: 45ms)
 GET /_next/webpack-hmr?id=2dehOG-F0_egtn_804Qny 404 in 53ms (compile: 7ms, render: 46ms)
 GET /_next/webpack-hmr?id=2dehOG-F0_egtn_804Qny 404 in 79ms (compile: 7ms, render: 72ms)
 GET /_next/webpack-hmr?id=2dehOG-F0_egtn_804Qny 404 in 54ms (compile: 4ms, render: 49ms)
 GET / 200 in 147ms (compile: 5ms, render: 142ms)
 GET /_next/webpack-hmr?id=Sy62uiMPigL4JN4Jan-tm 404 in 56ms (compile: 6ms, render: 50ms)
 GET /_next/webpack-hmr?id=Sy62uiMPigL4JN4Jan-tm 404 in 57ms (compile: 4ms, render: 53ms)
 GET /_next/webpack-hmr?id=Sy62uiMPigL4JN4Jan-tm 404 in 54ms (compile: 5ms, render: 49ms)
 GET /_next/webpack-hmr?id=Sy62uiMPigL4JN4Jan-tm 404 in 82ms (compile: 4ms, render: 78ms)
 GET /_next/webpack-hmr?id=Sy62uiMPigL4JN4Jan-tm 404 in 49ms (compile: 4ms, render: 45ms)
 GET /_next/webpack-hmr?id=Sy62uiMPigL4JN4Jan-tm 404 in 58ms (compile: 3ms, render: 55ms)
 GET /_next/webpack-hmr?id=Sy62uiMPigL4JN4Jan-tm 404 in 57ms (compile: 5ms, render: 53ms)
 GET /_next/webpack-hmr?id=Sy62uiMPigL4JN4Jan-tm 404 in 60ms (compile: 4ms, render: 56ms)
 GET /_next/webpack-hmr?id=Sy62uiMPigL4JN4Jan-tm 404 in 101ms (compile: 5ms, render: 95ms)
 GET /_next/webpack-hmr?id=Sy62uiMPigL4JN4Jan-tm 404 in 47ms (compile: 5ms, render: 42ms)
 GET /_next/webpack-hmr?id=Sy62uiMPigL4JN4Jan-tm 404 in 51ms (compile: 4ms, render: 47ms)
 GET /_next/webpack-hmr?id=Sy62uiMPigL4JN4Jan-tm 404 in 50ms (compile: 8ms, render: 41ms)
 GET /_next/webpack-hmr?id=Sy62uiMPigL4JN4Jan-tm 404 in 91ms (compile: 6ms, render: 85ms)
 GET / 200 in 185ms (compile: 7ms, render: 179ms)
 GET /_next/webpack-hmr?id=shcK-JL5uv6iqBGrhHfkE 404 in 50ms (compile: 5ms, render: 45ms)
 GET /_next/webpack-hmr?id=shcK-JL5uv6iqBGrhHfkE 404 in 45ms (compile: 4ms, render: 41ms)
 GET /_next/webpack-hmr?id=shcK-JL5uv6iqBGrhHfkE 404 in 45ms (compile: 4ms, render: 41ms)
 GET /_next/webpack-hmr?id=shcK-JL5uv6iqBGrhHfkE 404 in 52ms (compile: 4ms, render: 48ms)
 GET /_next/webpack-hmr?id=shcK-JL5uv6iqBGrhHfkE 404 in 92ms (compile: 4ms, render: 88ms)
 GET /_next/webpack-hmr?id=shcK-JL5uv6iqBGrhHfkE 404 in 46ms (compile: 4ms, render: 42ms)
 GET /_next/webpack-hmr?id=shcK-JL5uv6iqBGrhHfkE 404 in 48ms (compile: 4ms, render: 44ms)
 GET /_next/webpack-hmr?id=shcK-JL5uv6iqBGrhHfkE 404 in 46ms (compile: 4ms, render: 42ms)
 GET /_next/webpack-hmr?id=shcK-JL5uv6iqBGrhHfkE 404 in 48ms (compile: 4ms, render: 44ms)
 GET /_next/webpack-hmr?id=shcK-JL5uv6iqBGrhHfkE 404 in 73ms (compile: 4ms, render: 70ms)
 GET /_next/webpack-hmr?id=shcK-JL5uv6iqBGrhHfkE 404 in 50ms (compile: 4ms, render: 46ms)
 GET /_next/webpack-hmr?id=shcK-JL5uv6iqBGrhHfkE 404 in 48ms (compile: 4ms, render: 44ms)
 GET /_next/webpack-hmr?id=shcK-JL5uv6iqBGrhHfkE 404 in 46ms (compile: 4ms, render: 43ms)
 GET / 200 in 188ms (compile: 5ms, render: 184ms)
 GET /_next/webpack-hmr?id=INgdn4E0xS7uz3tsThJBx 404 in 61ms (compile: 6ms, render: 55ms)
 GET /_next/webpack-hmr?id=INgdn4E0xS7uz3tsThJBx 404 in 62ms (compile: 4ms, render: 58ms)
 GET /_next/webpack-hmr?id=INgdn4E0xS7uz3tsThJBx 404 in 49ms (compile: 4ms, render: 45ms)
 GET /_next/webpack-hmr?id=INgdn4E0xS7uz3tsThJBx 404 in 79ms (compile: 5ms, render: 74ms)
 GET /_next/webpack-hmr?id=INgdn4E0xS7uz3tsThJBx 404 in 65ms (compile: 4ms, render: 61ms)
 GET /_next/webpack-hmr?id=INgdn4E0xS7uz3tsThJBx 404 in 48ms (compile: 4ms, render: 44ms)
 GET /_next/webpack-hmr?id=INgdn4E0xS7uz3tsThJBx 404 in 74ms (compile: 5ms, render: 68ms)
 GET /_next/webpack-hmr?id=INgdn4E0xS7uz3tsThJBx 404 in 58ms (compile: 4ms, render: 54ms)
 GET /_next/webpack-hmr?id=INgdn4E0xS7uz3tsThJBx 404 in 59ms (compile: 4ms, render: 55ms)
 GET /_next/webpack-hmr?id=INgdn4E0xS7uz3tsThJBx 404 in 53ms (compile: 12ms, render: 41ms)
 GET /_next/webpack-hmr?id=INgdn4E0xS7uz3tsThJBx 404 in 48ms (compile: 4ms, render: 44ms)
 GET /_next/webpack-hmr?id=INgdn4E0xS7uz3tsThJBx 404 in 50ms (compile: 5ms, render: 46ms)
 GET /_next/webpack-hmr?id=INgdn4E0xS7uz3tsThJBx 404 in 69ms (compile: 18ms, render: 52ms)
 GET / 200 in 132ms (compile: 4ms, render: 128ms)
 GET /_next/webpack-hmr?id=AytNx5ykO-Ulqdd_XakZD 404 in 74ms (compile: 5ms, render: 69ms)
 GET /_next/webpack-hmr?id=AytNx5ykO-Ulqdd_XakZD 404 in 44ms (compile: 4ms, render: 40ms)
 GET /_next/webpack-hmr?id=AytNx5ykO-Ulqdd_XakZD 404 in 50ms (compile: 4ms, render: 46ms)
 GET /_next/webpack-hmr?id=AytNx5ykO-Ulqdd_XakZD 404 in 66ms (compile: 6ms, render: 61ms)
 GET /_next/webpack-hmr?id=AytNx5ykO-Ulqdd_XakZD 404 in 60ms (compile: 5ms, render: 56ms)
 GET /_next/webpack-hmr?id=AytNx5ykO-Ulqdd_XakZD 404 in 61ms (compile: 4ms, render: 56ms)
 GET /_next/webpack-hmr?id=AytNx5ykO-Ulqdd_XakZD 404 in 56ms (compile: 4ms, render: 52ms)
 GET /_next/webpack-hmr?id=AytNx5ykO-Ulqdd_XakZD 404 in 49ms (compile: 4ms, render: 45ms)
 GET /_next/webpack-hmr?id=AytNx5ykO-Ulqdd_XakZD 404 in 88ms (compile: 6ms, render: 83ms)
 GET /_next/webpack-hmr?id=AytNx5ykO-Ulqdd_XakZD 404 in 61ms (compile: 5ms, render: 56ms)
 GET /_next/webpack-hmr?id=AytNx5ykO-Ulqdd_XakZD 404 in 52ms (compile: 4ms, render: 48ms)
 GET /_next/webpack-hmr?id=AytNx5ykO-Ulqdd_XakZD 404 in 73ms (compile: 8ms, render: 65ms)
 GET /_next/webpack-hmr?id=AytNx5ykO-Ulqdd_XakZD 404 in 57ms (compile: 5ms, render: 52ms)
 GET / 200 in 201ms (compile: 5ms, render: 197ms)
 GET /_next/webpack-hmr?id=RuuCHsRRkkMhR1Dv3SQVI 404 in 59ms (compile: 6ms, render: 54ms)
 GET /_next/webpack-hmr?id=RuuCHsRRkkMhR1Dv3SQVI 404 in 61ms (compile: 4ms, render: 57ms)
 GET /_next/webpack-hmr?id=RuuCHsRRkkMhR1Dv3SQVI 404 in 55ms (compile: 4ms, render: 51ms)
 GET /_next/webpack-hmr?id=RuuCHsRRkkMhR1Dv3SQVI 404 in 52ms (compile: 4ms, render: 48ms)
 GET /_next/webpack-hmr?id=RuuCHsRRkkMhR1Dv3SQVI 404 in 65ms (compile: 5ms, render: 60ms)
 GET /_next/webpack-hmr?id=RuuCHsRRkkMhR1Dv3SQVI 404 in 80ms (compile: 4ms, render: 76ms)
 GET /_next/webpack-hmr?id=RuuCHsRRkkMhR1Dv3SQVI 404 in 85ms (compile: 6ms, render: 79ms)
 GET /_next/webpack-hmr?id=RuuCHsRRkkMhR1Dv3SQVI 404 in 71ms (compile: 6ms, render: 65ms)
 GET /_next/webpack-hmr?id=RuuCHsRRkkMhR1Dv3SQVI 404 in 58ms (compile: 4ms, render: 54ms)
 GET /_next/webpack-hmr?id=RuuCHsRRkkMhR1Dv3SQVI 404 in 52ms (compile: 4ms, render: 49ms)
 GET /_next/webpack-hmr?id=RuuCHsRRkkMhR1Dv3SQVI 404 in 63ms (compile: 7ms, render: 56ms)
 GET /_next/webpack-hmr?id=RuuCHsRRkkMhR1Dv3SQVI 404 in 62ms (compile: 7ms, render: 55ms)
 GET /_next/webpack-hmr?id=RuuCHsRRkkMhR1Dv3SQVI 404 in 65ms (compile: 7ms, render: 58ms)
 GET / 200 in 181ms (compile: 4ms, render: 176ms)
 GET /_next/webpack-hmr?id=Y_XmkT7NoUUQt8fseBIa- 404 in 56ms (compile: 5ms, render: 51ms)
 GET /_next/webpack-hmr?id=Y_XmkT7NoUUQt8fseBIa- 404 in 68ms (compile: 4ms, render: 64ms)
 GET /_next/webpack-hmr?id=Y_XmkT7NoUUQt8fseBIa- 404 in 50ms (compile: 4ms, render: 46ms)
 GET /_next/webpack-hmr?id=Y_XmkT7NoUUQt8fseBIa- 404 in 82ms (compile: 4ms, render: 78ms)
 GET /_next/webpack-hmr?id=Y_XmkT7NoUUQt8fseBIa- 404 in 50ms (compile: 4ms, render: 45ms)
 GET /_next/webpack-hmr?id=Y_XmkT7NoUUQt8fseBIa- 404 in 59ms (compile: 4ms, render: 55ms)
 GET /_next/webpack-hmr?id=Y_XmkT7NoUUQt8fseBIa- 404 in 45ms (compile: 4ms, render: 41ms)
 GET /_next/webpack-hmr?id=Y_XmkT7NoUUQt8fseBIa- 404 in 54ms (compile: 7ms, render: 48ms)
 GET /_next/webpack-hmr?id=Y_XmkT7NoUUQt8fseBIa- 404 in 79ms (compile: 4ms, render: 75ms)
 GET /_next/webpack-hmr?id=Y_XmkT7NoUUQt8fseBIa- 404 in 81ms (compile: 6ms, render: 75ms)
 GET /_next/webpack-hmr?id=Y_XmkT7NoUUQt8fseBIa- 404 in 52ms (compile: 4ms, render: 48ms)
 GET /_next/webpack-hmr?id=Y_XmkT7NoUUQt8fseBIa- 404 in 54ms (compile: 7ms, render: 47ms)
 GET /_next/webpack-hmr?id=Y_XmkT7NoUUQt8fseBIa- 404 in 55ms (compile: 8ms, render: 47ms)
 GET / 200 in 197ms (compile: 4ms, render: 193ms)
 GET /_next/webpack-hmr?id=eHV-g7Xu7X1YUUg59eKrT 404 in 46ms (compile: 5ms, render: 41ms)
 GET /_next/webpack-hmr?id=eHV-g7Xu7X1YUUg59eKrT 404 in 58ms (compile: 3ms, render: 55ms)
 GET /_next/webpack-hmr?id=eHV-g7Xu7X1YUUg59eKrT 404 in 61ms (compile: 4ms, render: 56ms)
 GET /_next/webpack-hmr?id=eHV-g7Xu7X1YUUg59eKrT 404 in 60ms (compile: 4ms, render: 56ms)
 GET /_next/webpack-hmr?id=eHV-g7Xu7X1YUUg59eKrT 404 in 86ms (compile: 6ms, render: 80ms)
 GET /_next/webpack-hmr?id=eHV-g7Xu7X1YUUg59eKrT 404 in 47ms (compile: 4ms, render: 43ms)
 GET /_next/webpack-hmr?id=eHV-g7Xu7X1YUUg59eKrT 404 in 55ms (compile: 4ms, render: 51ms)
 GET /_next/webpack-hmr?id=eHV-g7Xu7X1YUUg59eKrT 404 in 62ms (compile: 5ms, render: 57ms)
 GET /_next/webpack-hmr?id=eHV-g7Xu7X1YUUg59eKrT 404 in 57ms (compile: 5ms, render: 53ms)
 GET /_next/webpack-hmr?id=eHV-g7Xu7X1YUUg59eKrT 404 in 67ms (compile: 5ms, render: 62ms)
 GET /_next/webpack-hmr?id=eHV-g7Xu7X1YUUg59eKrT 404 in 56ms (compile: 4ms, render: 51ms)
 GET /_next/webpack-hmr?id=eHV-g7Xu7X1YUUg59eKrT 404 in 54ms (compile: 4ms, render: 50ms)
 GET /_next/webpack-hmr?id=eHV-g7Xu7X1YUUg59eKrT 404 in 73ms (compile: 4ms, render: 69ms)
 GET / 200 in 160ms (compile: 4ms, render: 156ms)
 GET /_next/webpack-hmr?id=fxtnIOtEdSgTJz_RNCPtH 404 in 62ms (compile: 6ms, render: 56ms)
 GET /_next/webpack-hmr?id=fxtnIOtEdSgTJz_RNCPtH 404 in 66ms (compile: 4ms, render: 61ms)
 GET /_next/webpack-hmr?id=fxtnIOtEdSgTJz_RNCPtH 404 in 53ms (compile: 4ms, render: 49ms)
 GET /_next/webpack-hmr?id=fxtnIOtEdSgTJz_RNCPtH 404 in 98ms (compile: 5ms, render: 93ms)
 GET /_next/webpack-hmr?id=fxtnIOtEdSgTJz_RNCPtH 404 in 54ms (compile: 4ms, render: 49ms)
 GET /_next/webpack-hmr?id=fxtnIOtEdSgTJz_RNCPtH 404 in 57ms (compile: 4ms, render: 53ms)
 GET /_next/webpack-hmr?id=fxtnIOtEdSgTJz_RNCPtH 404 in 46ms (compile: 4ms, render: 43ms)
 GET /_next/webpack-hmr?id=fxtnIOtEdSgTJz_RNCPtH 404 in 58ms (compile: 7ms, render: 51ms)
 GET /_next/webpack-hmr?id=fxtnIOtEdSgTJz_RNCPtH 404 in 83ms (compile: 4ms, render: 79ms)
 GET /_next/webpack-hmr?id=fxtnIOtEdSgTJz_RNCPtH 404 in 61ms (compile: 5ms, render: 56ms)
 GET /_next/webpack-hmr?id=fxtnIOtEdSgTJz_RNCPtH 404 in 61ms (compile: 5ms, render: 56ms)
 GET /_next/webpack-hmr?id=fxtnIOtEdSgTJz_RNCPtH 404 in 58ms (compile: 6ms, render: 52ms)
 GET / 200 in 192ms (compile: 4ms, render: 187ms)
 GET /_next/webpack-hmr?id=8NZadSjxdqYLBxy1W648Z 404 in 57ms (compile: 7ms, render: 50ms)
 GET /_next/webpack-hmr?id=8NZadSjxdqYLBxy1W648Z 404 in 50ms (compile: 5ms, render: 45ms)
 GET /_next/webpack-hmr?id=8NZadSjxdqYLBxy1W648Z 404 in 56ms (compile: 4ms, render: 52ms)
 GET /_next/webpack-hmr?id=8NZadSjxdqYLBxy1W648Z 404 in 45ms (compile: 4ms, render: 41ms)
 GET /_next/webpack-hmr?id=8NZadSjxdqYLBxy1W648Z 404 in 58ms (compile: 4ms, render: 55ms)
 GET /_next/webpack-hmr?id=8NZadSjxdqYLBxy1W648Z 404 in 47ms (compile: 4ms, render: 43ms)
 GET /_next/webpack-hmr?id=8NZadSjxdqYLBxy1W648Z 404 in 54ms (compile: 4ms, render: 51ms)
 GET /_next/webpack-hmr?id=8NZadSjxdqYLBxy1W648Z 404 in 47ms (compile: 4ms, render: 43ms)
 GET /_next/webpack-hmr?id=8NZadSjxdqYLBxy1W648Z 404 in 56ms (compile: 7ms, render: 50ms)
 GET /_next/webpack-hmr?id=8NZadSjxdqYLBxy1W648Z 404 in 48ms (compile: 4ms, render: 44ms)
 GET /_next/webpack-hmr?id=8NZadSjxdqYLBxy1W648Z 404 in 58ms (compile: 4ms, render: 54ms)
 GET /_next/webpack-hmr?id=8NZadSjxdqYLBxy1W648Z 404 in 52ms (compile: 4ms, render: 48ms)
 GET /_next/webpack-hmr?id=8NZadSjxdqYLBxy1W648Z 404 in 55ms (compile: 4ms, render: 51ms)
 GET / 200 in 155ms (compile: 4ms, render: 151ms)
 GET /_next/webpack-hmr?id=wunIzm77zWVzgIABQh5p6 404 in 50ms (compile: 5ms, render: 45ms)
 GET /_next/webpack-hmr?id=wunIzm77zWVzgIABQh5p6 404 in 75ms (compile: 5ms, render: 70ms)
 GET /_next/webpack-hmr?id=wunIzm77zWVzgIABQh5p6 404 in 57ms (compile: 4ms, render: 53ms)
 GET /_next/webpack-hmr?id=wunIzm77zWVzgIABQh5p6 404 in 52ms (compile: 4ms, render: 48ms)
 GET /_next/webpack-hmr?id=wunIzm77zWVzgIABQh5p6 404 in 46ms (compile: 4ms, render: 42ms)
 GET /_next/webpack-hmr?id=wunIzm77zWVzgIABQh5p6 404 in 69ms (compile: 11ms, render: 58ms)
 GET /_next/webpack-hmr?id=wunIzm77zWVzgIABQh5p6 404 in 44ms (compile: 4ms, render: 40ms)
 GET /_next/webpack-hmr?id=wunIzm77zWVzgIABQh5p6 404 in 56ms (compile: 4ms, render: 52ms)
 GET /_next/webpack-hmr?id=wunIzm77zWVzgIABQh5p6 404 in 71ms (compile: 5ms, render: 65ms)
 GET /_next/webpack-hmr?id=wunIzm77zWVzgIABQh5p6 404 in 58ms (compile: 4ms, render: 54ms)
 GET /_next/webpack-hmr?id=wunIzm77zWVzgIABQh5p6 404 in 58ms (compile: 13ms, render: 45ms)
 GET /_next/webpack-hmr?id=wunIzm77zWVzgIABQh5p6 404 in 57ms (compile: 5ms, render: 52ms)
 GET /_next/webpack-hmr?id=wunIzm77zWVzgIABQh5p6 404 in 85ms (compile: 4ms, render: 81ms)
 GET / 200 in 147ms (compile: 4ms, render: 143ms)
 GET /_next/webpack-hmr?id=6Xb-Y_gyBN5CW5Vecrqbc 404 in 51ms (compile: 5ms, render: 46ms)
 GET /_next/webpack-hmr?id=6Xb-Y_gyBN5CW5Vecrqbc 404 in 69ms (compile: 4ms, render: 65ms)
 GET /_next/webpack-hmr?id=6Xb-Y_gyBN5CW5Vecrqbc 404 in 49ms (compile: 4ms, render: 45ms)
 GET /_next/webpack-hmr?id=6Xb-Y_gyBN5CW5Vecrqbc 404 in 49ms (compile: 6ms, render: 43ms)
 GET /_next/webpack-hmr?id=6Xb-Y_gyBN5CW5Vecrqbc 404 in 47ms (compile: 6ms, render: 42ms)
 GET /_next/webpack-hmr?id=6Xb-Y_gyBN5CW5Vecrqbc 404 in 54ms (compile: 4ms, render: 50ms)
 GET /_next/webpack-hmr?id=6Xb-Y_gyBN5CW5Vecrqbc 404 in 47ms (compile: 4ms, render: 44ms)
 GET /_next/webpack-hmr?id=6Xb-Y_gyBN5CW5Vecrqbc 404 in 80ms (compile: 4ms, render: 77ms)
 GET /_next/webpack-hmr?id=6Xb-Y_gyBN5CW5Vecrqbc 404 in 50ms (compile: 4ms, render: 46ms)
 GET /_next/webpack-hmr?id=6Xb-Y_gyBN5CW5Vecrqbc 404 in 53ms (compile: 4ms, render: 49ms)
 GET /_next/webpack-hmr?id=6Xb-Y_gyBN5CW5Vecrqbc 404 in 50ms (compile: 4ms, render: 46ms)
 GET /_next/webpack-hmr?id=6Xb-Y_gyBN5CW5Vecrqbc 404 in 51ms (compile: 4ms, render: 48ms)
 GET /_next/webpack-hmr?id=6Xb-Y_gyBN5CW5Vecrqbc 404 in 96ms (compile: 5ms, render: 92ms)
 GET / 200 in 140ms (compile: 5ms, render: 135ms)
 GET /_next/webpack-hmr?id=7_YLpBgqiQxLQLIdkWH7n 404 in 51ms (compile: 7ms, render: 44ms)
 GET /_next/webpack-hmr?id=7_YLpBgqiQxLQLIdkWH7n 404 in 82ms (compile: 4ms, render: 78ms)
 GET /_next/webpack-hmr?id=7_YLpBgqiQxLQLIdkWH7n 404 in 52ms (compile: 4ms, render: 48ms)
 GET /_next/webpack-hmr?id=7_YLpBgqiQxLQLIdkWH7n 404 in 56ms (compile: 4ms, render: 52ms)
 GET /_next/webpack-hmr?id=7_YLpBgqiQxLQLIdkWH7n 404 in 43ms (compile: 4ms, render: 40ms)
 GET /_next/webpack-hmr?id=7_YLpBgqiQxLQLIdkWH7n 404 in 51ms (compile: 7ms, render: 44ms)
 GET /_next/webpack-hmr?id=7_YLpBgqiQxLQLIdkWH7n 404 in 86ms (compile: 4ms, render: 81ms)
 GET /_next/webpack-hmr?id=7_YLpBgqiQxLQLIdkWH7n 404 in 51ms (compile: 5ms, render: 46ms)
 GET /_next/webpack-hmr?id=7_YLpBgqiQxLQLIdkWH7n 404 in 47ms (compile: 4ms, render: 43ms)
 GET /_next/webpack-hmr?id=7_YLpBgqiQxLQLIdkWH7n 404 in 52ms (compile: 6ms, render: 46ms)
 GET /_next/webpack-hmr?id=7_YLpBgqiQxLQLIdkWH7n 404 in 49ms (compile: 4ms, render: 45ms)
 GET /_next/webpack-hmr?id=7_YLpBgqiQxLQLIdkWH7n 404 in 58ms (compile: 5ms, render: 53ms)
 GET /_next/webpack-hmr?id=7_YLpBgqiQxLQLIdkWH7n 404 in 67ms (compile: 4ms, render: 63ms)
 GET / 200 in 134ms (compile: 5ms, render: 130ms)
 GET /_next/webpack-hmr?id=8-Kk1IwceAGPs9EL76laH 404 in 57ms (compile: 5ms, render: 52ms)
 GET /_next/webpack-hmr?id=8-Kk1IwceAGPs9EL76laH 404 in 48ms (compile: 4ms, render: 43ms)
 GET /_next/webpack-hmr?id=8-Kk1IwceAGPs9EL76laH 404 in 45ms (compile: 4ms, render: 41ms)
 GET /_next/webpack-hmr?id=8-Kk1IwceAGPs9EL76laH 404 in 53ms (compile: 4ms, render: 49ms)
 GET /_next/webpack-hmr?id=8-Kk1IwceAGPs9EL76laH 404 in 61ms (compile: 4ms, render: 58ms)
 GET /_next/webpack-hmr?id=8-Kk1IwceAGPs9EL76laH 404 in 46ms (compile: 4ms, render: 42ms)
 GET /_next/webpack-hmr?id=8-Kk1IwceAGPs9EL76laH 404 in 47ms (compile: 4ms, render: 43ms)
 GET /_next/webpack-hmr?id=8-Kk1IwceAGPs9EL76laH 404 in 48ms (compile: 4ms, render: 43ms)
 GET /_next/webpack-hmr?id=8-Kk1IwceAGPs9EL76laH 404 in 53ms (compile: 4ms, render: 49ms)
 GET /_next/webpack-hmr?id=8-Kk1IwceAGPs9EL76laH 404 in 75ms (compile: 4ms, render: 71ms)
 GET /_next/webpack-hmr?id=8-Kk1IwceAGPs9EL76laH 404 in 50ms (compile: 4ms, render: 47ms)
 GET /_next/webpack-hmr?id=8-Kk1IwceAGPs9EL76laH 404 in 82ms (compile: 4ms, render: 78ms)
 GET /_next/webpack-hmr?id=8-Kk1IwceAGPs9EL76laH 404 in 76ms (compile: 6ms, render: 70ms)
 GET / 200 in 126ms (compile: 4ms, render: 122ms)
 GET /_next/webpack-hmr?id=LY5tQSOsK4GrcNTruVFGR 404 in 49ms (compile: 5ms, render: 44ms)
 GET /_next/webpack-hmr?id=LY5tQSOsK4GrcNTruVFGR 404 in 42ms (compile: 3ms, render: 39ms)
 GET /_next/webpack-hmr?id=LY5tQSOsK4GrcNTruVFGR 404 in 53ms (compile: 4ms, render: 49ms)
 GET /_next/webpack-hmr?id=LY5tQSOsK4GrcNTruVFGR 404 in 68ms (compile: 5ms, render: 63ms)
 GET /_next/webpack-hmr?id=LY5tQSOsK4GrcNTruVFGR 404 in 48ms (compile: 4ms, render: 44ms)
 GET /_next/webpack-hmr?id=LY5tQSOsK4GrcNTruVFGR 404 in 68ms (compile: 4ms, render: 64ms)
 GET /_next/webpack-hmr?id=LY5tQSOsK4GrcNTruVFGR 404 in 50ms (compile: 4ms, render: 46ms)
 GET /_next/webpack-hmr?id=LY5tQSOsK4GrcNTruVFGR 404 in 53ms (compile: 4ms, render: 49ms)
 GET /_next/webpack-hmr?id=LY5tQSOsK4GrcNTruVFGR 404 in 56ms (compile: 4ms, render: 52ms)
 GET /_next/webpack-hmr?id=LY5tQSOsK4GrcNTruVFGR 404 in 44ms (compile: 4ms, render: 40ms)
 GET /_next/webpack-hmr?id=LY5tQSOsK4GrcNTruVFGR 404 in 79ms (compile: 5ms, render: 73ms)
 GET /_next/webpack-hmr?id=LY5tQSOsK4GrcNTruVFGR 404 in 80ms (compile: 4ms, render: 76ms)
 GET /_next/webpack-hmr?id=LY5tQSOsK4GrcNTruVFGR 404 in 49ms (compile: 4ms, render: 45ms)
 GET / 200 in 130ms (compile: 5ms, render: 125ms)
 GET /_next/webpack-hmr?id=eV__i_wiVzksAaWNy5jpu 404 in 55ms (compile: 5ms, render: 50ms)
 GET /_next/webpack-hmr?id=eV__i_wiVzksAaWNy5jpu 404 in 47ms (compile: 4ms, render: 43ms)
 GET /_next/webpack-hmr?id=eV__i_wiVzksAaWNy5jpu 404 in 46ms (compile: 5ms, render: 41ms)
 GET /_next/webpack-hmr?id=eV__i_wiVzksAaWNy5jpu 404 in 46ms (compile: 8ms, render: 38ms)
 GET /_next/webpack-hmr?id=eV__i_wiVzksAaWNy5jpu 404 in 101ms (compile: 4ms, render: 97ms)
 GET /_next/webpack-hmr?id=eV__i_wiVzksAaWNy5jpu 404 in 42ms (compile: 4ms, render: 38ms)
 GET /_next/webpack-hmr?id=eV__i_wiVzksAaWNy5jpu 404 in 44ms (compile: 4ms, render: 40ms)
 GET /_next/webpack-hmr?id=eV__i_wiVzksAaWNy5jpu 404 in 60ms (compile: 4ms, render: 55ms)
 GET /_next/webpack-hmr?id=eV__i_wiVzksAaWNy5jpu 404 in 51ms (compile: 4ms, render: 47ms)
 GET /_next/webpack-hmr?id=eV__i_wiVzksAaWNy5jpu 404 in 52ms (compile: 4ms, render: 48ms)
 GET /_next/webpack-hmr?id=eV__i_wiVzksAaWNy5jpu 404 in 78ms (compile: 3ms, render: 74ms)
 GET /_next/webpack-hmr?id=eV__i_wiVzksAaWNy5jpu 404 in 49ms (compile: 4ms, render: 45ms)
 GET /_next/webpack-hmr?id=eV__i_wiVzksAaWNy5jpu 404 in 53ms (compile: 4ms, render: 49ms)
 GET / 200 in 139ms (compile: 4ms, render: 135ms)
 GET /_next/webpack-hmr?id=K3EhO4L4N6zpvYDncdRD0 404 in 52ms (compile: 6ms, render: 46ms)
 GET /_next/webpack-hmr?id=K3EhO4L4N6zpvYDncdRD0 404 in 47ms (compile: 4ms, render: 42ms)
 GET /_next/webpack-hmr?id=K3EhO4L4N6zpvYDncdRD0 404 in 51ms (compile: 4ms, render: 48ms)
 GET /_next/webpack-hmr?id=K3EhO4L4N6zpvYDncdRD0 404 in 46ms (compile: 4ms, render: 42ms)
 GET /_next/webpack-hmr?id=K3EhO4L4N6zpvYDncdRD0 404 in 86ms (compile: 5ms, render: 81ms)
 GET /_next/webpack-hmr?id=K3EhO4L4N6zpvYDncdRD0 404 in 49ms (compile: 4ms, render: 44ms)
 GET /_next/webpack-hmr?id=K3EhO4L4N6zpvYDncdRD0 404 in 50ms (compile: 4ms, render: 46ms)
 GET /_next/webpack-hmr?id=K3EhO4L4N6zpvYDncdRD0 404 in 57ms (compile: 6ms, render: 51ms)
 GET /_next/webpack-hmr?id=K3EhO4L4N6zpvYDncdRD0 404 in 48ms (compile: 6ms, render: 41ms)
 GET /_next/webpack-hmr?id=K3EhO4L4N6zpvYDncdRD0 404 in 76ms (compile: 4ms, render: 72ms)
 GET /_next/webpack-hmr?id=K3EhO4L4N6zpvYDncdRD0 404 in 55ms (compile: 4ms, render: 51ms)
 GET /_next/webpack-hmr?id=K3EhO4L4N6zpvYDncdRD0 404 in 51ms (compile: 4ms, render: 47ms)
 GET /_next/webpack-hmr?id=K3EhO4L4N6zpvYDncdRD0 404 in 45ms (compile: 6ms, render: 40ms)
 GET / 200 in 156ms (compile: 4ms, render: 152ms)
 GET /_next/webpack-hmr?id=bYTSYh1xrRsCs7-Tb6LlI 404 in 49ms (compile: 5ms, render: 44ms)
 GET /_next/webpack-hmr?id=bYTSYh1xrRsCs7-Tb6LlI 404 in 48ms (compile: 4ms, render: 44ms)
 GET /_next/webpack-hmr?id=bYTSYh1xrRsCs7-Tb6LlI 404 in 49ms (compile: 5ms, render: 44ms)
 GET /_next/webpack-hmr?id=bYTSYh1xrRsCs7-Tb6LlI 404 in 45ms (compile: 4ms, render: 41ms)
 GET /_next/webpack-hmr?id=bYTSYh1xrRsCs7-Tb6LlI 404 in 44ms (compile: 4ms, render: 40ms)
 GET /_next/webpack-hmr?id=bYTSYh1xrRsCs7-Tb6LlI 404 in 102ms (compile: 4ms, render: 98ms)
 GET /_next/webpack-hmr?id=bYTSYh1xrRsCs7-Tb6LlI 404 in 51ms (compile: 4ms, render: 46ms)
 GET /_next/webpack-hmr?id=bYTSYh1xrRsCs7-Tb6LlI 404 in 57ms (compile: 4ms, render: 53ms)
 GET /_next/webpack-hmr?id=bYTSYh1xrRsCs7-Tb6LlI 404 in 45ms (compile: 5ms, render: 40ms)
 GET /_next/webpack-hmr?id=bYTSYh1xrRsCs7-Tb6LlI 404 in 49ms (compile: 4ms, render: 44ms)
 GET /_next/webpack-hmr?id=bYTSYh1xrRsCs7-Tb6LlI 404 in 49ms (compile: 5ms, render: 44ms)
 GET /_next/webpack-hmr?id=bYTSYh1xrRsCs7-Tb6LlI 404 in 73ms (compile: 4ms, render: 69ms)
 GET /_next/webpack-hmr?id=bYTSYh1xrRsCs7-Tb6LlI 404 in 51ms (compile: 4ms, render: 47ms)
 GET / 200 in 128ms (compile: 4ms, render: 124ms)
 GET /_next/webpack-hmr?id=BPjv7nOTkd-f6o5SZGsXM 404 in 68ms (compile: 7ms, render: 61ms)
 GET /_next/webpack-hmr?id=BPjv7nOTkd-f6o5SZGsXM 404 in 46ms (compile: 4ms, render: 42ms)
 GET /_next/webpack-hmr?id=BPjv7nOTkd-f6o5SZGsXM 404 in 41ms (compile: 3ms, render: 37ms)
 GET /_next/webpack-hmr?id=BPjv7nOTkd-f6o5SZGsXM 404 in 46ms (compile: 8ms, render: 38ms)
 GET /_next/webpack-hmr?id=BPjv7nOTkd-f6o5SZGsXM 404 in 102ms (compile: 4ms, render: 98ms)
 GET /_next/webpack-hmr?id=BPjv7nOTkd-f6o5SZGsXM 404 in 45ms (compile: 4ms, render: 41ms)
 GET /_next/webpack-hmr?id=BPjv7nOTkd-f6o5SZGsXM 404 in 48ms (compile: 4ms, render: 44ms)
 GET /_next/webpack-hmr?id=BPjv7nOTkd-f6o5SZGsXM 404 in 53ms (compile: 4ms, render: 49ms)
 GET /_next/webpack-hmr?id=BPjv7nOTkd-f6o5SZGsXM 404 in 50ms (compile: 4ms, render: 46ms)
 GET /_next/webpack-hmr?id=BPjv7nOTkd-f6o5SZGsXM 404 in 47ms (compile: 4ms, render: 43ms)
 GET /_next/webpack-hmr?id=BPjv7nOTkd-f6o5SZGsXM 404 in 81ms (compile: 4ms, render: 77ms)
 GET /_next/webpack-hmr?id=BPjv7nOTkd-f6o5SZGsXM 404 in 48ms (compile: 5ms, render: 43ms)
 GET /_next/webpack-hmr?id=BPjv7nOTkd-f6o5SZGsXM 404 in 48ms (compile: 4ms, render: 43ms)
 GET / 200 in 125ms (compile: 5ms, render: 121ms)
 GET /_next/webpack-hmr?id=Sd4Rc8BOdzwMIETd-XlCq 404 in 50ms (compile: 6ms, render: 44ms)
 GET /_next/webpack-hmr?id=Sd4Rc8BOdzwMIETd-XlCq 404 in 51ms (compile: 4ms, render: 46ms)
 GET /_next/webpack-hmr?id=Sd4Rc8BOdzwMIETd-XlCq 404 in 49ms (compile: 8ms, render: 41ms)
 GET /_next/webpack-hmr?id=Sd4Rc8BOdzwMIETd-XlCq 404 in 53ms (compile: 4ms, render: 48ms)
 GET /_next/webpack-hmr?id=Sd4Rc8BOdzwMIETd-XlCq 404 in 51ms (compile: 6ms, render: 45ms)
 GET /_next/webpack-hmr?id=Sd4Rc8BOdzwMIETd-XlCq 404 in 54ms (compile: 6ms, render: 48ms)
 GET /_next/webpack-hmr?id=Sd4Rc8BOdzwMIETd-XlCq 404 in 49ms (compile: 4ms, render: 45ms)
 GET /_next/webpack-hmr?id=Sd4Rc8BOdzwMIETd-XlCq 404 in 48ms (compile: 4ms, render: 43ms)
 GET /_next/webpack-hmr?id=Sd4Rc8BOdzwMIETd-XlCq 404 in 49ms (compile: 6ms, render: 43ms)
 GET /_next/webpack-hmr?id=Sd4Rc8BOdzwMIETd-XlCq 404 in 66ms (compile: 5ms, render: 61ms)
 GET /_next/webpack-hmr?id=Sd4Rc8BOdzwMIETd-XlCq 404 in 50ms (compile: 8ms, render: 43ms)
 GET /_next/webpack-hmr?id=Sd4Rc8BOdzwMIETd-XlCq 404 in 77ms (compile: 4ms, render: 73ms)
 GET /_next/webpack-hmr?id=Sd4Rc8BOdzwMIETd-XlCq 404 in 50ms (compile: 5ms, render: 46ms)
 GET / 200 in 135ms (compile: 5ms, render: 130ms)
 GET /_next/webpack-hmr?id=yCGfkg9FIvLLJoz-O48FE 404 in 49ms (compile: 6ms, render: 43ms)
 GET /_next/webpack-hmr?id=yCGfkg9FIvLLJoz-O48FE 404 in 53ms (compile: 5ms, render: 48ms)
 GET /_next/webpack-hmr?id=yCGfkg9FIvLLJoz-O48FE 404 in 83ms (compile: 6ms, render: 77ms)
 GET /_next/webpack-hmr?id=yCGfkg9FIvLLJoz-O48FE 404 in 75ms (compile: 5ms, render: 70ms)
 GET /_next/webpack-hmr?id=yCGfkg9FIvLLJoz-O48FE 404 in 153ms (compile: 13ms, render: 140ms)
 GET /_next/webpack-hmr?id=yCGfkg9FIvLLJoz-O48FE 404 in 49ms (compile: 5ms, render: 44ms)
 GET /_next/webpack-hmr?id=yCGfkg9FIvLLJoz-O48FE 404 in 39ms (compile: 3ms, render: 35ms)
 GET /_next/webpack-hmr?id=yCGfkg9FIvLLJoz-O48FE 404 in 50ms (compile: 4ms, render: 46ms)
 GET /_next/webpack-hmr?id=yCGfkg9FIvLLJoz-O48FE 404 in 46ms (compile: 4ms, render: 42ms)
 GET /_next/webpack-hmr?id=yCGfkg9FIvLLJoz-O48FE 404 in 55ms (compile: 4ms, render: 51ms)
 GET /_next/webpack-hmr?id=yCGfkg9FIvLLJoz-O48FE 404 in 48ms (compile: 4ms, render: 44ms)
 GET /_next/webpack-hmr?id=yCGfkg9FIvLLJoz-O48FE 404 in 56ms (compile: 7ms, render: 49ms)
 GET /_next/webpack-hmr?id=yCGfkg9FIvLLJoz-O48FE 404 in 46ms (compile: 4ms, render: 42ms)
 GET / 200 in 123ms (compile: 4ms, render: 120ms)
 GET /_next/webpack-hmr?id=8DfHS7m89xcUtD29awAuq 404 in 48ms (compile: 5ms, render: 43ms)
 GET /_next/webpack-hmr?id=8DfHS7m89xcUtD29awAuq 404 in 46ms (compile: 4ms, render: 42ms)
 GET /_next/webpack-hmr?id=8DfHS7m89xcUtD29awAuq 404 in 52ms (compile: 7ms, render: 45ms)
 GET /_next/webpack-hmr?id=8DfHS7m89xcUtD29awAuq 404 in 46ms (compile: 4ms, render: 42ms)
 GET /_next/webpack-hmr?id=8DfHS7m89xcUtD29awAuq 404 in 44ms (compile: 3ms, render: 41ms)
 GET /_next/webpack-hmr?id=8DfHS7m89xcUtD29awAuq 404 in 79ms (compile: 4ms, render: 75ms)
 GET /_next/webpack-hmr?id=8DfHS7m89xcUtD29awAuq 404 in 47ms (compile: 4ms, render: 43ms)
 GET /_next/webpack-hmr?id=8DfHS7m89xcUtD29awAuq 404 in 45ms (compile: 4ms, render: 42ms)
 GET /_next/webpack-hmr?id=8DfHS7m89xcUtD29awAuq 404 in 50ms (compile: 4ms, render: 46ms)
 GET /_next/webpack-hmr?id=8DfHS7m89xcUtD29awAuq 404 in 55ms (compile: 6ms, render: 49ms)
 GET /_next/webpack-hmr?id=8DfHS7m89xcUtD29awAuq 404 in 49ms (compile: 4ms, render: 45ms)
 GET /_next/webpack-hmr?id=8DfHS7m89xcUtD29awAuq 404 in 51ms (compile: 6ms, render: 45ms)
 GET /_next/webpack-hmr?id=8DfHS7m89xcUtD29awAuq 404 in 73ms (compile: 6ms, render: 67ms)
 GET / 200 in 138ms (compile: 5ms, render: 134ms)
 GET /_next/webpack-hmr?id=2slDAknQst_fQG6jard0J 404 in 46ms (compile: 5ms, render: 41ms)
 GET /_next/webpack-hmr?id=2slDAknQst_fQG6jard0J 404 in 43ms (compile: 3ms, render: 40ms)
 GET /_next/webpack-hmr?id=2slDAknQst_fQG6jard0J 404 in 84ms (compile: 9ms, render: 74ms)
 GET /_next/webpack-hmr?id=2slDAknQst_fQG6jard0J 404 in 43ms (compile: 4ms, render: 39ms)
 GET /_next/webpack-hmr?id=2slDAknQst_fQG6jard0J 404 in 52ms (compile: 3ms, render: 48ms)
 GET /_next/webpack-hmr?id=2slDAknQst_fQG6jard0J 404 in 43ms (compile: 4ms, render: 39ms)
 GET /_next/webpack-hmr?id=2slDAknQst_fQG6jard0J 404 in 50ms (compile: 7ms, render: 44ms)
 GET /_next/webpack-hmr?id=2slDAknQst_fQG6jard0J 404 in 48ms (compile: 5ms, render: 43ms)
 GET /_next/webpack-hmr?id=2slDAknQst_fQG6jard0J 404 in 72ms (compile: 4ms, render: 68ms)
 GET /_next/webpack-hmr?id=2slDAknQst_fQG6jard0J 404 in 43ms (compile: 4ms, render: 39ms)
 GET /_next/webpack-hmr?id=2slDAknQst_fQG6jard0J 404 in 49ms (compile: 4ms, render: 45ms)
 GET /_next/webpack-hmr?id=2slDAknQst_fQG6jard0J 404 in 53ms (compile: 6ms, render: 47ms)
 GET /_next/webpack-hmr?id=2slDAknQst_fQG6jard0J 404 in 51ms (compile: 5ms, render: 46ms)
 GET / 200 in 178ms (compile: 4ms, render: 174ms)
 GET /_next/webpack-hmr?id=UzG1nK88YVx7e01gKikIe 404 in 53ms (compile: 8ms, render: 45ms)
 GET /_next/webpack-hmr?id=UzG1nK88YVx7e01gKikIe 404 in 49ms (compile: 3ms, render: 46ms)
 GET /_next/webpack-hmr?id=UzG1nK88YVx7e01gKikIe 404 in 45ms (compile: 4ms, render: 41ms)
 GET /_next/webpack-hmr?id=UzG1nK88YVx7e01gKikIe 404 in 50ms (compile: 4ms, render: 46ms)
 GET /_next/webpack-hmr?id=UzG1nK88YVx7e01gKikIe 404 in 49ms (compile: 4ms, render: 45ms)
 GET /_next/webpack-hmr?id=UzG1nK88YVx7e01gKikIe 404 in 42ms (compile: 3ms, render: 39ms)
 GET /_next/webpack-hmr?id=UzG1nK88YVx7e01gKikIe 404 in 62ms (compile: 4ms, render: 58ms)
 GET /_next/webpack-hmr?id=UzG1nK88YVx7e01gKikIe 404 in 49ms (compile: 5ms, render: 44ms)
 GET /_next/webpack-hmr?id=UzG1nK88YVx7e01gKikIe 404 in 49ms (compile: 4ms, render: 45ms)
 GET /_next/webpack-hmr?id=UzG1nK88YVx7e01gKikIe 404 in 70ms (compile: 6ms, render: 64ms)
 GET /_next/webpack-hmr?id=UzG1nK88YVx7e01gKikIe 404 in 93ms (compile: 7ms, render: 86ms)
 GET /_next/webpack-hmr?id=UzG1nK88YVx7e01gKikIe 404 in 57ms (compile: 6ms, render: 50ms)
 GET /_next/webpack-hmr?id=UzG1nK88YVx7e01gKikIe 404 in 61ms (compile: 5ms, render: 56ms)
 GET / 200 in 183ms (compile: 5ms, render: 177ms)
 GET /_next/webpack-hmr?id=BmwZCjbTheB8q7vr0dfE0 404 in 60ms (compile: 6ms, render: 54ms)
 GET /_next/webpack-hmr?id=BmwZCjbTheB8q7vr0dfE0 404 in 60ms (compile: 4ms, render: 56ms)
 GET /_next/webpack-hmr?id=BmwZCjbTheB8q7vr0dfE0 404 in 50ms (compile: 4ms, render: 46ms)
 GET /_next/webpack-hmr?id=BmwZCjbTheB8q7vr0dfE0 404 in 93ms (compile: 4ms, render: 89ms)
 GET /_next/webpack-hmr?id=BmwZCjbTheB8q7vr0dfE0 404 in 48ms (compile: 4ms, render: 44ms)
 GET /_next/webpack-hmr?id=BmwZCjbTheB8q7vr0dfE0 404 in 79ms (compile: 6ms, render: 73ms)
 GET /_next/webpack-hmr?id=BmwZCjbTheB8q7vr0dfE0 404 in 50ms (compile: 8ms, render: 42ms)
 GET /_next/webpack-hmr?id=BmwZCjbTheB8q7vr0dfE0 404 in 55ms (compile: 4ms, render: 50ms)
 GET /_next/webpack-hmr?id=BmwZCjbTheB8q7vr0dfE0 404 in 52ms (compile: 4ms, render: 48ms)
 GET /_next/webpack-hmr?id=BmwZCjbTheB8q7vr0dfE0 404 in 69ms (compile: 5ms, render: 63ms)
 GET /_next/webpack-hmr?id=BmwZCjbTheB8q7vr0dfE0 404 in 56ms (compile: 5ms, render: 52ms)
 GET /_next/webpack-hmr?id=BmwZCjbTheB8q7vr0dfE0 404 in 50ms (compile: 4ms, render: 46ms)
 GET /_next/webpack-hmr?id=BmwZCjbTheB8q7vr0dfE0 404 in 53ms (compile: 4ms, render: 49ms)
 GET / 200 in 158ms (compile: 5ms, render: 154ms)
 GET /_next/webpack-hmr?id=MV5z1xuZFfS1iBgVJguQU 404 in 62ms (compile: 5ms, render: 57ms)
 GET /_next/webpack-hmr?id=MV5z1xuZFfS1iBgVJguQU 404 in 53ms (compile: 4ms, render: 49ms)
 GET /_next/webpack-hmr?id=MV5z1xuZFfS1iBgVJguQU 404 in 60ms (compile: 4ms, render: 56ms)
 GET /_next/webpack-hmr?id=MV5z1xuZFfS1iBgVJguQU 404 in 48ms (compile: 4ms, render: 44ms)
 GET /_next/webpack-hmr?id=MV5z1xuZFfS1iBgVJguQU 404 in 54ms (compile: 4ms, render: 49ms)
 GET /_next/webpack-hmr?id=MV5z1xuZFfS1iBgVJguQU 404 in 60ms (compile: 5ms, render: 56ms)
 GET /_next/webpack-hmr?id=MV5z1xuZFfS1iBgVJguQU 404 in 50ms (compile: 5ms, render: 44ms)
 GET /_next/webpack-hmr?id=MV5z1xuZFfS1iBgVJguQU 404 in 65ms (compile: 4ms, render: 60ms)
 GET /_next/webpack-hmr?id=MV5z1xuZFfS1iBgVJguQU 404 in 56ms (compile: 5ms, render: 52ms)
 GET /_next/webpack-hmr?id=MV5z1xuZFfS1iBgVJguQU 404 in 81ms (compile: 4ms, render: 77ms)
 GET /_next/webpack-hmr?id=MV5z1xuZFfS1iBgVJguQU 404 in 53ms (compile: 5ms, render: 48ms)
 GET /_next/webpack-hmr?id=MV5z1xuZFfS1iBgVJguQU 404 in 48ms (compile: 4ms, render: 44ms)
 GET /_next/webpack-hmr?id=MV5z1xuZFfS1iBgVJguQU 404 in 51ms (compile: 7ms, render: 44ms)
 GET / 200 in 181ms (compile: 5ms, render: 176ms)
 GET /_next/webpack-hmr?id=DZ8lLyKecPhqq7D983hnu 404 in 48ms (compile: 5ms, render: 42ms)
 GET /_next/webpack-hmr?id=DZ8lLyKecPhqq7D983hnu 404 in 46ms (compile: 4ms, render: 42ms)
 GET /_next/webpack-hmr?id=DZ8lLyKecPhqq7D983hnu 404 in 47ms (compile: 4ms, render: 44ms)
 GET /_next/webpack-hmr?id=DZ8lLyKecPhqq7D983hnu 404 in 49ms (compile: 4ms, render: 45ms)
 GET /_next/webpack-hmr?id=DZ8lLyKecPhqq7D983hnu 404 in 71ms (compile: 4ms, render: 68ms)
 GET /_next/webpack-hmr?id=DZ8lLyKecPhqq7D983hnu 404 in 54ms (compile: 4ms, render: 50ms)
 GET /_next/webpack-hmr?id=DZ8lLyKecPhqq7D983hnu 404 in 51ms (compile: 4ms, render: 47ms)
 GET /_next/webpack-hmr?id=DZ8lLyKecPhqq7D983hnu 404 in 51ms (compile: 4ms, render: 46ms)
 GET /_next/webpack-hmr?id=DZ8lLyKecPhqq7D983hnu 404 in 53ms (compile: 4ms, render: 49ms)
 GET /_next/webpack-hmr?id=DZ8lLyKecPhqq7D983hnu 404 in 75ms (compile: 5ms, render: 70ms)
 GET /_next/webpack-hmr?id=DZ8lLyKecPhqq7D983hnu 404 in 67ms (compile: 5ms, render: 62ms)
 GET /_next/webpack-hmr?id=DZ8lLyKecPhqq7D983hnu 404 in 67ms (compile: 6ms, render: 60ms)
 GET /_next/webpack-hmr?id=DZ8lLyKecPhqq7D983hnu 404 in 66ms (compile: 12ms, render: 54ms)
 GET / 200 in 159ms (compile: 6ms, render: 153ms)
 GET /_next/webpack-hmr?id=UPuYDzvFsmZqVe1jVDXO5 404 in 59ms (compile: 7ms, render: 52ms)
 GET /_next/webpack-hmr?id=UPuYDzvFsmZqVe1jVDXO5 404 in 58ms (compile: 5ms, render: 54ms)
 GET /_next/webpack-hmr?id=UPuYDzvFsmZqVe1jVDXO5 404 in 97ms (compile: 4ms, render: 93ms)
 GET /_next/webpack-hmr?id=UPuYDzvFsmZqVe1jVDXO5 404 in 48ms (compile: 4ms, render: 44ms)
 GET /_next/webpack-hmr?id=UPuYDzvFsmZqVe1jVDXO5 404 in 46ms (compile: 4ms, render: 42ms)
 GET /_next/webpack-hmr?id=UPuYDzvFsmZqVe1jVDXO5 404 in 55ms (compile: 6ms, render: 49ms)
 GET /_next/webpack-hmr?id=UPuYDzvFsmZqVe1jVDXO5 404 in 55ms (compile: 4ms, render: 51ms)
 GET /_next/webpack-hmr?id=UPuYDzvFsmZqVe1jVDXO5 404 in 45ms (compile: 4ms, render: 41ms)
 GET /_next/webpack-hmr?id=UPuYDzvFsmZqVe1jVDXO5 404 in 61ms (compile: 4ms, render: 57ms)
 GET /_next/webpack-hmr?id=UPuYDzvFsmZqVe1jVDXO5 404 in 47ms (compile: 4ms, render: 44ms)
 GET /_next/webpack-hmr?id=UPuYDzvFsmZqVe1jVDXO5 404 in 49ms (compile: 4ms, render: 45ms)
 GET /_next/webpack-hmr?id=UPuYDzvFsmZqVe1jVDXO5 404 in 57ms (compile: 6ms, render: 52ms)
 GET /_next/webpack-hmr?id=UPuYDzvFsmZqVe1jVDXO5 404 in 49ms (compile: 4ms, render: 45ms)
 GET / 200 in 189ms (compile: 6ms, render: 183ms)
 GET /_next/webpack-hmr?id=EarSSD9GZQPxcuzZkAQdP 404 in 61ms (compile: 6ms, render: 55ms)
 GET /_next/webpack-hmr?id=EarSSD9GZQPxcuzZkAQdP 404 in 52ms (compile: 5ms, render: 47ms)
 GET /_next/webpack-hmr?id=EarSSD9GZQPxcuzZkAQdP 404 in 44ms (compile: 4ms, render: 40ms)
 GET /_next/webpack-hmr?id=EarSSD9GZQPxcuzZkAQdP 404 in 49ms (compile: 4ms, render: 45ms)
 GET /_next/webpack-hmr?id=EarSSD9GZQPxcuzZkAQdP 404 in 78ms (compile: 4ms, render: 74ms)
 GET /_next/webpack-hmr?id=EarSSD9GZQPxcuzZkAQdP 404 in 48ms (compile: 4ms, render: 43ms)
 GET /_next/webpack-hmr?id=EarSSD9GZQPxcuzZkAQdP 404 in 46ms (compile: 4ms, render: 43ms)
 GET /_next/webpack-hmr?id=EarSSD9GZQPxcuzZkAQdP 404 in 53ms (compile: 4ms, render: 49ms)
 GET /_next/webpack-hmr?id=EarSSD9GZQPxcuzZkAQdP 404 in 63ms (compile: 4ms, render: 58ms)
 GET /_next/webpack-hmr?id=EarSSD9GZQPxcuzZkAQdP 404 in 50ms (compile: 13ms, render: 37ms)
 GET /_next/webpack-hmr?id=EarSSD9GZQPxcuzZkAQdP 404 in 91ms (compile: 4ms, render: 87ms)
 GET /_next/webpack-hmr?id=EarSSD9GZQPxcuzZkAQdP 404 in 53ms (compile: 5ms, render: 48ms)
 GET /_next/webpack-hmr?id=EarSSD9GZQPxcuzZkAQdP 404 in 62ms (compile: 5ms, render: 57ms)
 GET / 200 in 140ms (compile: 4ms, render: 135ms)
 GET /_next/webpack-hmr?id=sheZAUpkegajBVcJdaisy 404 in 65ms (compile: 6ms, render: 59ms)
 GET /_next/webpack-hmr?id=sheZAUpkegajBVcJdaisy 404 in 49ms (compile: 4ms, render: 45ms)
 GET /_next/webpack-hmr?id=sheZAUpkegajBVcJdaisy 404 in 59ms (compile: 6ms, render: 54ms)
 GET /_next/webpack-hmr?id=sheZAUpkegajBVcJdaisy 404 in 43ms (compile: 4ms, render: 39ms)
 GET /_next/webpack-hmr?id=sheZAUpkegajBVcJdaisy 404 in 62ms (compile: 12ms, render: 50ms)
 GET /_next/webpack-hmr?id=sheZAUpkegajBVcJdaisy 404 in 71ms (compile: 5ms, render: 66ms)
 GET /_next/webpack-hmr?id=sheZAUpkegajBVcJdaisy 404 in 54ms (compile: 5ms, render: 49ms)
 GET /_next/webpack-hmr?id=sheZAUpkegajBVcJdaisy 404 in 45ms (compile: 4ms, render: 42ms)
 GET /_next/webpack-hmr?id=sheZAUpkegajBVcJdaisy 404 in 52ms (compile: 5ms, render: 48ms)
 GET /_next/webpack-hmr?id=sheZAUpkegajBVcJdaisy 404 in 47ms (compile: 4ms, render: 43ms)
 GET /_next/webpack-hmr?id=sheZAUpkegajBVcJdaisy 404 in 49ms (compile: 4ms, render: 45ms)
 GET /_next/webpack-hmr?id=sheZAUpkegajBVcJdaisy 404 in 73ms (compile: 4ms, render: 69ms)
 GET /_next/webpack-hmr?id=sheZAUpkegajBVcJdaisy 404 in 52ms (compile: 4ms, render: 48ms)
 GET / 200 in 157ms (compile: 6ms, render: 151ms)
 GET /_next/webpack-hmr?id=byJjSvVVeHezztbIbTDwM 404 in 54ms (compile: 5ms, render: 49ms)
 GET /_next/webpack-hmr?id=byJjSvVVeHezztbIbTDwM 404 in 49ms (compile: 3ms, render: 46ms)
 GET /_next/webpack-hmr?id=byJjSvVVeHezztbIbTDwM 404 in 48ms (compile: 4ms, render: 44ms)
 GET /_next/webpack-hmr?id=byJjSvVVeHezztbIbTDwM 404 in 47ms (compile: 4ms, render: 43ms)
 GET /_next/webpack-hmr?id=byJjSvVVeHezztbIbTDwM 404 in 57ms (compile: 9ms, render: 49ms)
 GET /_next/webpack-hmr?id=byJjSvVVeHezztbIbTDwM 404 in 45ms (compile: 4ms, render: 41ms)
 GET /_next/webpack-hmr?id=byJjSvVVeHezztbIbTDwM 404 in 43ms (compile: 5ms, render: 38ms)
 GET /_next/webpack-hmr?id=byJjSvVVeHezztbIbTDwM 404 in 78ms (compile: 5ms, render: 73ms)
 GET /_next/webpack-hmr?id=byJjSvVVeHezztbIbTDwM 404 in 52ms (compile: 4ms, render: 48ms)
 GET /_next/webpack-hmr?id=byJjSvVVeHezztbIbTDwM 404 in 48ms (compile: 4ms, render: 44ms)
 GET /_next/webpack-hmr?id=byJjSvVVeHezztbIbTDwM 404 in 88ms (compile: 4ms, render: 84ms)
 GET /_next/webpack-hmr?id=byJjSvVVeHezztbIbTDwM 404 in 53ms (compile: 4ms, render: 48ms)
 GET /_next/webpack-hmr?id=byJjSvVVeHezztbIbTDwM 404 in 61ms (compile: 4ms, render: 57ms)
 GET / 200 in 129ms (compile: 4ms, render: 125ms)
 GET /_next/webpack-hmr?id=dbSxwhIUNoUA4EvIr8BLW 404 in 49ms (compile: 6ms, render: 43ms)
 GET /_next/webpack-hmr?id=dbSxwhIUNoUA4EvIr8BLW 404 in 42ms (compile: 4ms, render: 38ms)
 GET /_next/webpack-hmr?id=dbSxwhIUNoUA4EvIr8BLW 404 in 52ms (compile: 9ms, render: 43ms)
 GET /_next/webpack-hmr?id=dbSxwhIUNoUA4EvIr8BLW 404 in 50ms (compile: 4ms, render: 45ms)
 GET /_next/webpack-hmr?id=dbSxwhIUNoUA4EvIr8BLW 404 in 66ms (compile: 4ms, render: 62ms)
 GET /_next/webpack-hmr?id=dbSxwhIUNoUA4EvIr8BLW 404 in 43ms (compile: 4ms, render: 39ms)
 GET /_next/webpack-hmr?id=dbSxwhIUNoUA4EvIr8BLW 404 in 56ms (compile: 5ms, render: 52ms)
 GET /_next/webpack-hmr?id=dbSxwhIUNoUA4EvIr8BLW 404 in 42ms (compile: 4ms, render: 38ms)
 GET /_next/webpack-hmr?id=dbSxwhIUNoUA4EvIr8BLW 404 in 51ms (compile: 4ms, render: 47ms)
 GET /_next/webpack-hmr?id=dbSxwhIUNoUA4EvIr8BLW 404 in 45ms (compile: 4ms, render: 40ms)
 GET /_next/webpack-hmr?id=dbSxwhIUNoUA4EvIr8BLW 404 in 73ms (compile: 8ms, render: 66ms)
 GET /_next/webpack-hmr?id=dbSxwhIUNoUA4EvIr8BLW 404 in 48ms (compile: 4ms, render: 44ms)
 GET /_next/webpack-hmr?id=dbSxwhIUNoUA4EvIr8BLW 404 in 50ms (compile: 4ms, render: 46ms)
 GET / 200 in 123ms (compile: 4ms, render: 119ms)
 GET /_next/webpack-hmr?id=xqXunuVgzXdOEjGDmiDqC 404 in 59ms (compile: 5ms, render: 54ms)
 GET /_next/webpack-hmr?id=xqXunuVgzXdOEjGDmiDqC 404 in 47ms (compile: 4ms, render: 44ms)
 GET /_next/webpack-hmr?id=xqXunuVgzXdOEjGDmiDqC 404 in 45ms (compile: 4ms, render: 41ms)
 GET /_next/webpack-hmr?id=xqXunuVgzXdOEjGDmiDqC 404 in 50ms (compile: 4ms, render: 45ms)
 GET /_next/webpack-hmr?id=xqXunuVgzXdOEjGDmiDqC 404 in 44ms (compile: 4ms, render: 41ms)
 GET /_next/webpack-hmr?id=xqXunuVgzXdOEjGDmiDqC 404 in 44ms (compile: 4ms, render: 40ms)
 GET /_next/webpack-hmr?id=xqXunuVgzXdOEjGDmiDqC 404 in 71ms (compile: 4ms, render: 67ms)
 GET /_next/webpack-hmr?id=xqXunuVgzXdOEjGDmiDqC 404 in 46ms (compile: 4ms, render: 42ms)
 GET /_next/webpack-hmr?id=xqXunuVgzXdOEjGDmiDqC 404 in 50ms (compile: 4ms, render: 45ms)
 GET /_next/webpack-hmr?id=xqXunuVgzXdOEjGDmiDqC 404 in 48ms (compile: 6ms, render: 42ms)
 GET /_next/webpack-hmr?id=xqXunuVgzXdOEjGDmiDqC 404 in 45ms (compile: 4ms, render: 41ms)
 GET /_next/webpack-hmr?id=xqXunuVgzXdOEjGDmiDqC 404 in 50ms (compile: 4ms, render: 46ms)
 GET / 200 in 195ms (compile: 4ms, render: 191ms)
 GET /_next/webpack-hmr?id=TMQytayiFM1HUlxOEhe4u 404 in 50ms (compile: 5ms, render: 45ms)
 GET /_next/webpack-hmr?id=TMQytayiFM1HUlxOEhe4u 404 in 68ms (compile: 6ms, render: 63ms)
 GET /_next/webpack-hmr?id=TMQytayiFM1HUlxOEhe4u 404 in 54ms (compile: 4ms, render: 50ms)
 GET /_next/webpack-hmr?id=TMQytayiFM1HUlxOEhe4u 404 in 87ms (compile: 8ms, render: 79ms)
 GET /_next/webpack-hmr?id=TMQytayiFM1HUlxOEhe4u 404 in 55ms (compile: 6ms, render: 49ms)
 GET /_next/webpack-hmr?id=TMQytayiFM1HUlxOEhe4u 404 in 52ms (compile: 6ms, render: 46ms)
 GET /_next/webpack-hmr?id=TMQytayiFM1HUlxOEhe4u 404 in 59ms (compile: 4ms, render: 54ms)
 GET /_next/webpack-hmr?id=TMQytayiFM1HUlxOEhe4u 404 in 56ms (compile: 4ms, render: 52ms)
 GET /_next/webpack-hmr?id=TMQytayiFM1HUlxOEhe4u 404 in 49ms (compile: 4ms, render: 45ms)
 GET /_next/webpack-hmr?id=TMQytayiFM1HUlxOEhe4u 404 in 50ms (compile: 7ms, render: 44ms)
 GET /_next/webpack-hmr?id=TMQytayiFM1HUlxOEhe4u 404 in 55ms (compile: 5ms, render: 50ms)
 GET /_next/webpack-hmr?id=TMQytayiFM1HUlxOEhe4u 404 in 58ms (compile: 6ms, render: 52ms)
 GET /_next/webpack-hmr?id=TMQytayiFM1HUlxOEhe4u 404 in 90ms (compile: 4ms, render: 87ms)
 GET / 200 in 156ms (compile: 4ms, render: 152ms)
 GET /_next/webpack-hmr?id=snXizUE7Worn5Gdk-8QcV 404 in 59ms (compile: 6ms, render: 53ms)
 GET /_next/webpack-hmr?id=snXizUE7Worn5Gdk-8QcV 404 in 54ms (compile: 9ms, render: 45ms)
 GET /_next/webpack-hmr?id=snXizUE7Worn5Gdk-8QcV 404 in 117ms (compile: 20ms, render: 96ms)
 GET /_next/webpack-hmr?id=snXizUE7Worn5Gdk-8QcV 404 in 48ms (compile: 3ms, render: 44ms)
 GET /_next/webpack-hmr?id=snXizUE7Worn5Gdk-8QcV 404 in 60ms (compile: 5ms, render: 55ms)
 GET /_next/webpack-hmr?id=snXizUE7Worn5Gdk-8QcV 404 in 55ms (compile: 3ms, render: 51ms)
 GET /_next/webpack-hmr?id=snXizUE7Worn5Gdk-8QcV 404 in 83ms (compile: 4ms, render: 79ms)
 GET /_next/webpack-hmr?id=snXizUE7Worn5Gdk-8QcV 404 in 47ms (compile: 4ms, render: 43ms)
 GET /_next/webpack-hmr?id=snXizUE7Worn5Gdk-8QcV 404 in 60ms (compile: 4ms, render: 56ms)
 GET /_next/webpack-hmr?id=snXizUE7Worn5Gdk-8QcV 404 in 43ms (compile: 4ms, render: 39ms)
 GET /_next/webpack-hmr?id=snXizUE7Worn5Gdk-8QcV 404 in 53ms (compile: 7ms, render: 46ms)
 GET /_next/webpack-hmr?id=snXizUE7Worn5Gdk-8QcV 404 in 90ms (compile: 4ms, render: 86ms)
 GET /_next/webpack-hmr?id=snXizUE7Worn5Gdk-8QcV 404 in 49ms (compile: 4ms, render: 46ms)
 GET / 200 in 134ms (compile: 4ms, render: 130ms)
 GET /_next/webpack-hmr?id=8Cl8PKK9aicMaML7Jj_Zo 404 in 51ms (compile: 6ms, render: 46ms)
 GET /_next/webpack-hmr?id=8Cl8PKK9aicMaML7Jj_Zo 404 in 45ms (compile: 4ms, render: 41ms)
 GET /_next/webpack-hmr?id=8Cl8PKK9aicMaML7Jj_Zo 404 in 56ms (compile: 4ms, render: 51ms)
 GET /_next/webpack-hmr?id=8Cl8PKK9aicMaML7Jj_Zo 404 in 47ms (compile: 4ms, render: 43ms)
 GET /_next/webpack-hmr?id=8Cl8PKK9aicMaML7Jj_Zo 404 in 113ms (compile: 4ms, render: 110ms)
 GET /_next/webpack-hmr?id=8Cl8PKK9aicMaML7Jj_Zo 404 in 47ms (compile: 4ms, render: 43ms)
 GET /_next/webpack-hmr?id=8Cl8PKK9aicMaML7Jj_Zo 404 in 52ms (compile: 4ms, render: 48ms)
 GET /_next/webpack-hmr?id=8Cl8PKK9aicMaML7Jj_Zo 404 in 44ms (compile: 4ms, render: 40ms)
 GET /_next/webpack-hmr?id=8Cl8PKK9aicMaML7Jj_Zo 404 in 54ms (compile: 4ms, render: 50ms)
 GET /_next/webpack-hmr?id=8Cl8PKK9aicMaML7Jj_Zo 404 in 46ms (compile: 4ms, render: 42ms)
 GET /_next/webpack-hmr?id=8Cl8PKK9aicMaML7Jj_Zo 404 in 58ms (compile: 4ms, render: 54ms)
 GET /_next/webpack-hmr?id=8Cl8PKK9aicMaML7Jj_Zo 404 in 51ms (compile: 5ms, render: 46ms)
 GET /_next/webpack-hmr?id=8Cl8PKK9aicMaML7Jj_Zo 404 in 49ms (compile: 4ms, render: 46ms)
 GET / 200 in 129ms (compile: 4ms, render: 124ms)
 GET /_next/webpack-hmr?id=EZC540T-5Sh9Xj4SISaBx 404 in 50ms (compile: 5ms, render: 45ms)
 GET /_next/webpack-hmr?id=EZC540T-5Sh9Xj4SISaBx 404 in 44ms (compile: 4ms, render: 40ms)
 GET /_next/webpack-hmr?id=EZC540T-5Sh9Xj4SISaBx 404 in 57ms (compile: 4ms, render: 53ms)
 GET /_next/webpack-hmr?id=EZC540T-5Sh9Xj4SISaBx 404 in 44ms (compile: 4ms, render: 40ms)
 GET /_next/webpack-hmr?id=EZC540T-5Sh9Xj4SISaBx 404 in 46ms (compile: 4ms, render: 42ms)
 GET /_next/webpack-hmr?id=EZC540T-5Sh9Xj4SISaBx 404 in 49ms (compile: 8ms, render: 41ms)
 GET /_next/webpack-hmr?id=EZC540T-5Sh9Xj4SISaBx 404 in 68ms (compile: 4ms, render: 64ms)
 GET /_next/webpack-hmr?id=EZC540T-5Sh9Xj4SISaBx 404 in 51ms (compile: 5ms, render: 46ms)
 GET /_next/webpack-hmr?id=EZC540T-5Sh9Xj4SISaBx 404 in 51ms (compile: 4ms, render: 47ms)
 GET /_next/webpack-hmr?id=EZC540T-5Sh9Xj4SISaBx 404 in 48ms (compile: 4ms, render: 44ms)
 GET /_next/webpack-hmr?id=EZC540T-5Sh9Xj4SISaBx 404 in 48ms (compile: 4ms, render: 45ms)
 GET /_next/webpack-hmr?id=EZC540T-5Sh9Xj4SISaBx 404 in 48ms (compile: 5ms, render: 44ms)
 GET / 200 in 153ms (compile: 4ms, render: 149ms)
 GET /_next/webpack-hmr?id=8IIP2N7JRnG6vi1z8-vrS 404 in 50ms (compile: 6ms, render: 44ms)
 GET /_next/webpack-hmr?id=8IIP2N7JRnG6vi1z8-vrS 404 in 68ms (compile: 6ms, render: 62ms)
 GET /_next/webpack-hmr?id=8IIP2N7JRnG6vi1z8-vrS 404 in 58ms (compile: 4ms, render: 54ms)
 GET /_next/webpack-hmr?id=8IIP2N7JRnG6vi1z8-vrS 404 in 58ms (compile: 7ms, render: 51ms)
 GET /_next/webpack-hmr?id=8IIP2N7JRnG6vi1z8-vrS 404 in 57ms (compile: 6ms, render: 51ms)
 GET /_next/webpack-hmr?id=8IIP2N7JRnG6vi1z8-vrS 404 in 61ms (compile: 9ms, render: 52ms)
 GET /_next/webpack-hmr?id=8IIP2N7JRnG6vi1z8-vrS 404 in 94ms (compile: 5ms, render: 90ms)
 GET /_next/webpack-hmr?id=8IIP2N7JRnG6vi1z8-vrS 404 in 64ms (compile: 5ms, render: 59ms)
 GET /_next/webpack-hmr?id=8IIP2N7JRnG6vi1z8-vrS 404 in 53ms (compile: 4ms, render: 48ms)
 GET /_next/webpack-hmr?id=8IIP2N7JRnG6vi1z8-vrS 404 in 48ms (compile: 6ms, render: 43ms)
 GET /_next/webpack-hmr?id=8IIP2N7JRnG6vi1z8-vrS 404 in 56ms (compile: 4ms, render: 51ms)
 GET /_next/webpack-hmr?id=8IIP2N7JRnG6vi1z8-vrS 404 in 51ms (compile: 6ms, render: 45ms)
 GET / 200 in 227ms (compile: 6ms, render: 221ms)
 GET /_next/webpack-hmr?id=Xb98zXlKZinAt65W20a-J 404 in 55ms (compile: 7ms, render: 48ms)
 GET /_next/webpack-hmr?id=Xb98zXlKZinAt65W20a-J 404 in 57ms (compile: 4ms, render: 53ms)
 GET /_next/webpack-hmr?id=Xb98zXlKZinAt65W20a-J 404 in 60ms (compile: 4ms, render: 55ms)
 GET /_next/webpack-hmr?id=Xb98zXlKZinAt65W20a-J 404 in 55ms (compile: 5ms, render: 50ms)
 GET /_next/webpack-hmr?id=Xb98zXlKZinAt65W20a-J 404 in 80ms (compile: 4ms, render: 76ms)
 GET /_next/webpack-hmr?id=Xb98zXlKZinAt65W20a-J 404 in 49ms (compile: 4ms, render: 45ms)
 GET /_next/webpack-hmr?id=Xb98zXlKZinAt65W20a-J 404 in 51ms (compile: 4ms, render: 47ms)
 GET /_next/webpack-hmr?id=Xb98zXlKZinAt65W20a-J 404 in 57ms (compile: 4ms, render: 53ms)
 GET /_next/webpack-hmr?id=Xb98zXlKZinAt65W20a-J 404 in 53ms (compile: 5ms, render: 48ms)
 GET /_next/webpack-hmr?id=Xb98zXlKZinAt65W20a-J 404 in 50ms (compile: 4ms, render: 46ms)
 GET /_next/webpack-hmr?id=Xb98zXlKZinAt65W20a-J 404 in 87ms (compile: 4ms, render: 83ms)
 GET /_next/webpack-hmr?id=Xb98zXlKZinAt65W20a-J 404 in 53ms (compile: 4ms, render: 49ms)
 GET /_next/webpack-hmr?id=Xb98zXlKZinAt65W20a-J 404 in 49ms (compile: 4ms, render: 45ms)
 GET / 200 in 167ms (compile: 4ms, render: 163ms)
 GET /_next/webpack-hmr?id=OnWdazDW8qjEAUhKVbDCq 404 in 57ms (compile: 6ms, render: 51ms)
 GET /_next/webpack-hmr?id=OnWdazDW8qjEAUhKVbDCq 404 in 59ms (compile: 4ms, render: 55ms)
 GET /_next/webpack-hmr?id=OnWdazDW8qjEAUhKVbDCq 404 in 48ms (compile: 4ms, render: 44ms)
 GET /_next/webpack-hmr?id=OnWdazDW8qjEAUhKVbDCq 404 in 56ms (compile: 4ms, render: 51ms)
 GET /_next/webpack-hmr?id=OnWdazDW8qjEAUhKVbDCq 404 in 47ms (compile: 4ms, render: 43ms)
 GET /_next/webpack-hmr?id=OnWdazDW8qjEAUhKVbDCq 404 in 67ms (compile: 5ms, render: 62ms)
 GET /_next/webpack-hmr?id=OnWdazDW8qjEAUhKVbDCq 404 in 50ms (compile: 4ms, render: 46ms)
 GET /_next/webpack-hmr?id=OnWdazDW8qjEAUhKVbDCq 404 in 51ms (compile: 4ms, render: 47ms)
 GET /_next/webpack-hmr?id=OnWdazDW8qjEAUhKVbDCq 404 in 52ms (compile: 4ms, render: 48ms)
 GET /_next/webpack-hmr?id=OnWdazDW8qjEAUhKVbDCq 404 in 54ms (compile: 4ms, render: 50ms)
 GET /_next/webpack-hmr?id=OnWdazDW8qjEAUhKVbDCq 404 in 50ms (compile: 4ms, render: 46ms)
 GET /_next/webpack-hmr?id=OnWdazDW8qjEAUhKVbDCq 404 in 95ms (compile: 4ms, render: 91ms)
 GET /_next/webpack-hmr?id=OnWdazDW8qjEAUhKVbDCq 404 in 56ms (compile: 4ms, render: 52ms)
 GET / 200 in 136ms (compile: 4ms, render: 132ms)
 GET /_next/webpack-hmr?id=ljvXmdkxPtqpEsqrP2qKr 404 in 55ms (compile: 6ms, render: 50ms)
 GET /_next/webpack-hmr?id=ljvXmdkxPtqpEsqrP2qKr 404 in 46ms (compile: 4ms, render: 42ms)
 GET /_next/webpack-hmr?id=ljvXmdkxPtqpEsqrP2qKr 404 in 49ms (compile: 4ms, render: 45ms)
 GET /_next/webpack-hmr?id=ljvXmdkxPtqpEsqrP2qKr 404 in 50ms (compile: 4ms, render: 46ms)
 GET /_next/webpack-hmr?id=ljvXmdkxPtqpEsqrP2qKr 404 in 49ms (compile: 4ms, render: 45ms)
 GET /_next/webpack-hmr?id=ljvXmdkxPtqpEsqrP2qKr 404 in 62ms (compile: 4ms, render: 58ms)
 GET /_next/webpack-hmr?id=ljvXmdkxPtqpEsqrP2qKr 404 in 47ms (compile: 4ms, render: 44ms)
 GET /_next/webpack-hmr?id=ljvXmdkxPtqpEsqrP2qKr 404 in 54ms (compile: 5ms, render: 49ms)
 GET /_next/webpack-hmr?id=ljvXmdkxPtqpEsqrP2qKr 404 in 46ms (compile: 4ms, render: 42ms)
 GET /_next/webpack-hmr?id=ljvXmdkxPtqpEsqrP2qKr 404 in 48ms (compile: 4ms, render: 44ms)
 GET /_next/webpack-hmr?id=ljvXmdkxPtqpEsqrP2qKr 404 in 48ms (compile: 4ms, render: 44ms)
 GET /_next/webpack-hmr?id=ljvXmdkxPtqpEsqrP2qKr 404 in 76ms (compile: 4ms, render: 72ms)
 GET /_next/webpack-hmr?id=ljvXmdkxPtqpEsqrP2qKr 404 in 48ms (compile: 4ms, render: 44ms)
 GET / 200 in 135ms (compile: 4ms, render: 131ms)
 GET /_next/webpack-hmr?id=7BmxHtYyBpSbHmCR-seIT 404 in 53ms (compile: 6ms, render: 47ms)
 GET /_next/webpack-hmr?id=7BmxHtYyBpSbHmCR-seIT 404 in 54ms (compile: 4ms, render: 50ms)
 GET /_next/webpack-hmr?id=7BmxHtYyBpSbHmCR-seIT 404 in 50ms (compile: 4ms, render: 47ms)
 GET /_next/webpack-hmr?id=7BmxHtYyBpSbHmCR-seIT 404 in 62ms (compile: 4ms, render: 57ms)
 GET /_next/webpack-hmr?id=7BmxHtYyBpSbHmCR-seIT 404 in 46ms (compile: 4ms, render: 42ms)
 GET /_next/webpack-hmr?id=7BmxHtYyBpSbHmCR-seIT 404 in 60ms (compile: 4ms, render: 55ms)
 GET /_next/webpack-hmr?id=7BmxHtYyBpSbHmCR-seIT 404 in 65ms (compile: 6ms, render: 60ms)
 GET /_next/webpack-hmr?id=7BmxHtYyBpSbHmCR-seIT 404 in 43ms (compile: 4ms, render: 40ms)
 GET /_next/webpack-hmr?id=7BmxHtYyBpSbHmCR-seIT 404 in 50ms (compile: 4ms, render: 46ms)
 GET /_next/webpack-hmr?id=7BmxHtYyBpSbHmCR-seIT 404 in 49ms (compile: 4ms, render: 45ms)
 GET /_next/webpack-hmr?id=7BmxHtYyBpSbHmCR-seIT 404 in 55ms (compile: 5ms, render: 51ms)
 GET /_next/webpack-hmr?id=7BmxHtYyBpSbHmCR-seIT 404 in 48ms (compile: 4ms, render: 44ms)
 GET /_next/webpack-hmr?id=7BmxHtYyBpSbHmCR-seIT 404 in 56ms (compile: 4ms, render: 52ms)
 GET / 200 in 189ms (compile: 4ms, render: 185ms)
 GET /_next/webpack-hmr?id=pf5jgqyb76JjTa_lfOk92 404 in 48ms (compile: 5ms, render: 43ms)
 GET /_next/webpack-hmr?id=pf5jgqyb76JjTa_lfOk92 404 in 58ms (compile: 4ms, render: 54ms)
 GET /_next/webpack-hmr?id=pf5jgqyb76JjTa_lfOk92 404 in 44ms (compile: 4ms, render: 40ms)
 GET /_next/webpack-hmr?id=pf5jgqyb76JjTa_lfOk92 404 in 51ms (compile: 4ms, render: 47ms)
 GET /_next/webpack-hmr?id=pf5jgqyb76JjTa_lfOk92 404 in 48ms (compile: 3ms, render: 45ms)
 GET /_next/webpack-hmr?id=pf5jgqyb76JjTa_lfOk92 404 in 46ms (compile: 4ms, render: 41ms)
 GET /_next/webpack-hmr?id=pf5jgqyb76JjTa_lfOk92 404 in 93ms (compile: 4ms, render: 89ms)
 GET /_next/webpack-hmr?id=pf5jgqyb76JjTa_lfOk92 404 in 44ms (compile: 4ms, render: 41ms)
 GET /_next/webpack-hmr?id=pf5jgqyb76JjTa_lfOk92 404 in 43ms (compile: 4ms, render: 40ms)
 GET /_next/webpack-hmr?id=pf5jgqyb76JjTa_lfOk92 404 in 69ms (compile: 6ms, render: 63ms)
 GET /_next/webpack-hmr?id=pf5jgqyb76JjTa_lfOk92 404 in 65ms (compile: 5ms, render: 60ms)
 GET /_next/webpack-hmr?id=pf5jgqyb76JjTa_lfOk92 404 in 64ms (compile: 7ms, render: 57ms)
 GET /_next/webpack-hmr?id=pf5jgqyb76JjTa_lfOk92 404 in 64ms (compile: 5ms, render: 59ms)
 GET / 200 in 166ms (compile: 5ms, render: 161ms)
 GET /_next/webpack-hmr?id=NnJQnHjg1Nc1tXvNnydKj 404 in 71ms (compile: 7ms, render: 64ms)
 GET /_next/webpack-hmr?id=NnJQnHjg1Nc1tXvNnydKj 404 in 58ms (compile: 4ms, render: 54ms)
 GET /_next/webpack-hmr?id=NnJQnHjg1Nc1tXvNnydKj 404 in 52ms (compile: 4ms, render: 48ms)
 GET /_next/webpack-hmr?id=NnJQnHjg1Nc1tXvNnydKj 404 in 57ms (compile: 4ms, render: 53ms)
 GET /_next/webpack-hmr?id=NnJQnHjg1Nc1tXvNnydKj 404 in 107ms (compile: 4ms, render: 103ms)
 GET /_next/webpack-hmr?id=NnJQnHjg1Nc1tXvNnydKj 404 in 52ms (compile: 4ms, render: 48ms)
 GET /_next/webpack-hmr?id=NnJQnHjg1Nc1tXvNnydKj 404 in 45ms (compile: 4ms, render: 41ms)
 GET /_next/webpack-hmr?id=NnJQnHjg1Nc1tXvNnydKj 404 in 75ms (compile: 5ms, render: 71ms)
 GET /_next/webpack-hmr?id=NnJQnHjg1Nc1tXvNnydKj 404 in 47ms (compile: 4ms, render: 42ms)
 GET /_next/webpack-hmr?id=NnJQnHjg1Nc1tXvNnydKj 404 in 74ms (compile: 4ms, render: 70ms)
 GET /_next/webpack-hmr?id=NnJQnHjg1Nc1tXvNnydKj 404 in 54ms (compile: 4ms, render: 50ms)
 GET /_next/webpack-hmr?id=NnJQnHjg1Nc1tXvNnydKj 404 in 48ms (compile: 4ms, render: 44ms)
 GET /_next/webpack-hmr?id=NnJQnHjg1Nc1tXvNnydKj 404 in 56ms (compile: 6ms, render: 50ms)
 GET / 200 in 173ms (compile: 4ms, render: 169ms)
 GET /_next/webpack-hmr?id=rqL_j-4-YMjrZ6DQ80R3C 404 in 55ms (compile: 6ms, render: 49ms)
 GET /_next/webpack-hmr?id=rqL_j-4-YMjrZ6DQ80R3C 404 in 54ms (compile: 4ms, render: 50ms)
 GET /_next/webpack-hmr?id=rqL_j-4-YMjrZ6DQ80R3C 404 in 44ms (compile: 3ms, render: 41ms)
 GET /_next/webpack-hmr?id=rqL_j-4-YMjrZ6DQ80R3C 404 in 56ms (compile: 4ms, render: 52ms)
 GET /_next/webpack-hmr?id=rqL_j-4-YMjrZ6DQ80R3C 404 in 52ms (compile: 4ms, render: 48ms)
 GET /_next/webpack-hmr?id=rqL_j-4-YMjrZ6DQ80R3C 404 in 64ms (compile: 5ms, render: 59ms)
 GET /_next/webpack-hmr?id=rqL_j-4-YMjrZ6DQ80R3C 404 in 50ms (compile: 4ms, render: 46ms)
 GET /_next/webpack-hmr?id=rqL_j-4-YMjrZ6DQ80R3C 404 in 106ms (compile: 6ms, render: 100ms)
 GET /_next/webpack-hmr?id=rqL_j-4-YMjrZ6DQ80R3C 404 in 53ms (compile: 4ms, render: 49ms)
 GET /_next/webpack-hmr?id=rqL_j-4-YMjrZ6DQ80R3C 404 in 49ms (compile: 4ms, render: 45ms)
 GET /_next/webpack-hmr?id=rqL_j-4-YMjrZ6DQ80R3C 404 in 66ms (compile: 5ms, render: 61ms)
 GET /_next/webpack-hmr?id=rqL_j-4-YMjrZ6DQ80R3C 404 in 60ms (compile: 5ms, render: 54ms)
 GET /_next/webpack-hmr?id=rqL_j-4-YMjrZ6DQ80R3C 404 in 57ms (compile: 4ms, render: 54ms)
 GET / 200 in 229ms (compile: 5ms, render: 224ms)
 GET /_next/webpack-hmr?id=4u0IH61depzfvAxnsuB_P 404 in 60ms (compile: 6ms, render: 54ms)
 GET /_next/webpack-hmr?id=4u0IH61depzfvAxnsuB_P 404 in 64ms (compile: 4ms, render: 60ms)
 GET /_next/webpack-hmr?id=4u0IH61depzfvAxnsuB_P 404 in 55ms (compile: 4ms, render: 51ms)
 GET /_next/webpack-hmr?id=4u0IH61depzfvAxnsuB_P 404 in 54ms (compile: 4ms, render: 50ms)
 GET /_next/webpack-hmr?id=4u0IH61depzfvAxnsuB_P 404 in 71ms (compile: 4ms, render: 67ms)
 GET /_next/webpack-hmr?id=4u0IH61depzfvAxnsuB_P 404 in 54ms (compile: 4ms, render: 50ms)
 GET /_next/webpack-hmr?id=4u0IH61depzfvAxnsuB_P 404 in 49ms (compile: 4ms, render: 45ms)
 GET /_next/webpack-hmr?id=4u0IH61depzfvAxnsuB_P 404 in 49ms (compile: 4ms, render: 45ms)
 GET /_next/webpack-hmr?id=4u0IH61depzfvAxnsuB_P 404 in 47ms (compile: 4ms, render: 43ms)
 GET /_next/webpack-hmr?id=4u0IH61depzfvAxnsuB_P 404 in 48ms (compile: 4ms, render: 44ms)
 GET /_next/webpack-hmr?id=4u0IH61depzfvAxnsuB_P 404 in 83ms (compile: 4ms, render: 78ms)
 GET /_next/webpack-hmr?id=4u0IH61depzfvAxnsuB_P 404 in 51ms (compile: 4ms, render: 47ms)
 GET /_next/webpack-hmr?id=4u0IH61depzfvAxnsuB_P 404 in 48ms (compile: 4ms, render: 45ms)
 GET / 200 in 167ms (compile: 4ms, render: 163ms)
 GET /_next/webpack-hmr?id=16xVBwjkJzHPCaBp-R1KZ 404 in 57ms (compile: 6ms, render: 51ms)
 GET /_next/webpack-hmr?id=16xVBwjkJzHPCaBp-R1KZ 404 in 52ms (compile: 4ms, render: 49ms)
 GET /_next/webpack-hmr?id=16xVBwjkJzHPCaBp-R1KZ 404 in 55ms (compile: 5ms, render: 51ms)
 GET /_next/webpack-hmr?id=16xVBwjkJzHPCaBp-R1KZ 404 in 62ms (compile: 6ms, render: 57ms)
 GET /_next/webpack-hmr?id=16xVBwjkJzHPCaBp-R1KZ 404 in 49ms (compile: 4ms, render: 45ms)
 GET /_next/webpack-hmr?id=16xVBwjkJzHPCaBp-R1KZ 404 in 93ms (compile: 8ms, render: 85ms)
 GET /_next/webpack-hmr?id=16xVBwjkJzHPCaBp-R1KZ 404 in 51ms (compile: 4ms, render: 47ms)
 GET /_next/webpack-hmr?id=16xVBwjkJzHPCaBp-R1KZ 404 in 57ms (compile: 5ms, render: 52ms)
 GET /_next/webpack-hmr?id=16xVBwjkJzHPCaBp-R1KZ 404 in 53ms (compile: 4ms, render: 49ms)
 GET /_next/webpack-hmr?id=16xVBwjkJzHPCaBp-R1KZ 404 in 50ms (compile: 4ms, render: 46ms)
 GET /_next/webpack-hmr?id=16xVBwjkJzHPCaBp-R1KZ 404 in 50ms (compile: 4ms, render: 46ms)
 GET /_next/webpack-hmr?id=16xVBwjkJzHPCaBp-R1KZ 404 in 69ms (compile: 4ms, render: 65ms)
 GET /_next/webpack-hmr?id=16xVBwjkJzHPCaBp-R1KZ 404 in 53ms (compile: 5ms, render: 48ms)
 GET / 200 in 141ms (compile: 4ms, render: 137ms)
 GET /_next/webpack-hmr?id=EpieT8wVh5HN-d5kCcTrg 404 in 56ms (compile: 5ms, render: 51ms)
 GET /_next/webpack-hmr?id=EpieT8wVh5HN-d5kCcTrg 404 in 50ms (compile: 4ms, render: 46ms)
 GET /_next/webpack-hmr?id=EpieT8wVh5HN-d5kCcTrg 404 in 56ms (compile: 8ms, render: 49ms)
 GET /_next/webpack-hmr?id=EpieT8wVh5HN-d5kCcTrg 404 in 51ms (compile: 4ms, render: 47ms)
 GET /_next/webpack-hmr?id=EpieT8wVh5HN-d5kCcTrg 404 in 47ms (compile: 4ms, render: 43ms)
 GET /_next/webpack-hmr?id=EpieT8wVh5HN-d5kCcTrg 404 in 77ms (compile: 4ms, render: 73ms)
 GET /_next/webpack-hmr?id=EpieT8wVh5HN-d5kCcTrg 404 in 50ms (compile: 4ms, render: 46ms)
 GET /_next/webpack-hmr?id=EpieT8wVh5HN-d5kCcTrg 404 in 52ms (compile: 4ms, render: 49ms)
 GET /_next/webpack-hmr?id=EpieT8wVh5HN-d5kCcTrg 404 in 53ms (compile: 4ms, render: 49ms)
 GET /_next/webpack-hmr?id=EpieT8wVh5HN-d5kCcTrg 404 in 49ms (compile: 5ms, render: 45ms)
 GET /_next/webpack-hmr?id=EpieT8wVh5HN-d5kCcTrg 404 in 53ms (compile: 4ms, render: 49ms)
 GET /_next/webpack-hmr?id=EpieT8wVh5HN-d5kCcTrg 404 in 75ms (compile: 4ms, render: 71ms)
 GET / 200 in 129ms (compile: 5ms, render: 125ms)
 GET /_next/webpack-hmr?id=6V0OIgWLQikXCYSu1pLHU 404 in 48ms (compile: 5ms, render: 43ms)
 GET /_next/webpack-hmr?id=6V0OIgWLQikXCYSu1pLHU 404 in 48ms (compile: 9ms, render: 39ms)
 GET /_next/webpack-hmr?id=6V0OIgWLQikXCYSu1pLHU 404 in 48ms (compile: 4ms, render: 44ms)
 GET /_next/webpack-hmr?id=6V0OIgWLQikXCYSu1pLHU 404 in 96ms (compile: 5ms, render: 91ms)
 GET /_next/webpack-hmr?id=6V0OIgWLQikXCYSu1pLHU 404 in 48ms (compile: 4ms, render: 44ms)
 GET /_next/webpack-hmr?id=6V0OIgWLQikXCYSu1pLHU 404 in 52ms (compile: 4ms, render: 48ms)
 GET /_next/webpack-hmr?id=6V0OIgWLQikXCYSu1pLHU 404 in 70ms (compile: 6ms, render: 64ms)
 GET /_next/webpack-hmr?id=6V0OIgWLQikXCYSu1pLHU 404 in 52ms (compile: 5ms, render: 47ms)
 GET /_next/webpack-hmr?id=6V0OIgWLQikXCYSu1pLHU 404 in 64ms (compile: 5ms, render: 59ms)
 GET /_next/webpack-hmr?id=6V0OIgWLQikXCYSu1pLHU 404 in 67ms (compile: 5ms, render: 62ms)
 GET /_next/webpack-hmr?id=6V0OIgWLQikXCYSu1pLHU 404 in 58ms (compile: 3ms, render: 55ms)
 GET /_next/webpack-hmr?id=6V0OIgWLQikXCYSu1pLHU 404 in 53ms (compile: 4ms, render: 49ms)
 GET /_next/webpack-hmr?id=6V0OIgWLQikXCYSu1pLHU 404 in 50ms (compile: 4ms, render: 46ms)
 GET / 200 in 209ms (compile: 5ms, render: 204ms)
 GET /_next/webpack-hmr?id=E4hZUFL-cqrTlYyYF177d 404 in 52ms (compile: 5ms, render: 46ms)
 GET /_next/webpack-hmr?id=E4hZUFL-cqrTlYyYF177d 404 in 49ms (compile: 4ms, render: 45ms)
 GET /_next/webpack-hmr?id=E4hZUFL-cqrTlYyYF177d 404 in 56ms (compile: 10ms, render: 46ms)
 GET /_next/webpack-hmr?id=E4hZUFL-cqrTlYyYF177d 404 in 61ms (compile: 4ms, render: 57ms)
 GET /_next/webpack-hmr?id=E4hZUFL-cqrTlYyYF177d 404 in 53ms (compile: 4ms, render: 48ms)
 GET /_next/webpack-hmr?id=E4hZUFL-cqrTlYyYF177d 404 in 55ms (compile: 4ms, render: 51ms)
 GET /_next/webpack-hmr?id=E4hZUFL-cqrTlYyYF177d 404 in 45ms (compile: 4ms, render: 41ms)
 GET /_next/webpack-hmr?id=E4hZUFL-cqrTlYyYF177d 404 in 61ms (compile: 4ms, render: 56ms)
 GET /_next/webpack-hmr?id=E4hZUFL-cqrTlYyYF177d 404 in 50ms (compile: 4ms, render: 45ms)
 GET /_next/webpack-hmr?id=E4hZUFL-cqrTlYyYF177d 404 in 122ms (compile: 4ms, render: 117ms)
 GET /_next/webpack-hmr?id=E4hZUFL-cqrTlYyYF177d 404 in 54ms (compile: 4ms, render: 49ms)
 GET /_next/webpack-hmr?id=E4hZUFL-cqrTlYyYF177d 404 in 53ms (compile: 4ms, render: 49ms)
 GET /_next/webpack-hmr?id=E4hZUFL-cqrTlYyYF177d 404 in 55ms (compile: 4ms, render: 51ms)
 GET / 200 in 201ms (compile: 4ms, render: 197ms)
 GET /_next/webpack-hmr?id=l0UHn-qmjgz_xgIJeTZFF 404 in 60ms (compile: 8ms, render: 52ms)
 GET /_next/webpack-hmr?id=l0UHn-qmjgz_xgIJeTZFF 404 in 59ms (compile: 5ms, render: 54ms)
 GET /_next/webpack-hmr?id=l0UHn-qmjgz_xgIJeTZFF 404 in 60ms (compile: 5ms, render: 55ms)
 GET /_next/webpack-hmr?id=l0UHn-qmjgz_xgIJeTZFF 404 in 54ms (compile: 6ms, render: 48ms)
 GET /_next/webpack-hmr?id=l0UHn-qmjgz_xgIJeTZFF 404 in 53ms (compile: 4ms, render: 48ms)
 GET /_next/webpack-hmr?id=l0UHn-qmjgz_xgIJeTZFF 404 in 103ms (compile: 10ms, render: 93ms)
 GET /_next/webpack-hmr?id=l0UHn-qmjgz_xgIJeTZFF 404 in 58ms (compile: 5ms, render: 53ms)
 GET /_next/webpack-hmr?id=l0UHn-qmjgz_xgIJeTZFF 404 in 47ms (compile: 4ms, render: 44ms)
 GET /_next/webpack-hmr?id=l0UHn-qmjgz_xgIJeTZFF 404 in 60ms (compile: 5ms, render: 55ms)
 GET /_next/webpack-hmr?id=l0UHn-qmjgz_xgIJeTZFF 404 in 49ms (compile: 4ms, render: 45ms)
 GET /_next/webpack-hmr?id=l0UHn-qmjgz_xgIJeTZFF 404 in 50ms (compile: 4ms, render: 46ms)
 GET /_next/webpack-hmr?id=l0UHn-qmjgz_xgIJeTZFF 404 in 69ms (compile: 4ms, render: 66ms)
 GET /_next/webpack-hmr?id=l0UHn-qmjgz_xgIJeTZFF 404 in 55ms (compile: 5ms, render: 50ms)
 GET / 200 in 152ms (compile: 5ms, render: 146ms)
 GET /_next/webpack-hmr?id=tUY66Lp-yOySu4ys1dSyI 404 in 60ms (compile: 6ms, render: 54ms)
 GET /_next/webpack-hmr?id=tUY66Lp-yOySu4ys1dSyI 404 in 69ms (compile: 6ms, render: 63ms)
 GET /_next/webpack-hmr?id=tUY66Lp-yOySu4ys1dSyI 404 in 47ms (compile: 3ms, render: 44ms)
 GET /_next/webpack-hmr?id=tUY66Lp-yOySu4ys1dSyI 404 in 53ms (compile: 4ms, render: 50ms)
 GET /_next/webpack-hmr?id=tUY66Lp-yOySu4ys1dSyI 404 in 82ms (compile: 4ms, render: 78ms)
 GET /_next/webpack-hmr?id=tUY66Lp-yOySu4ys1dSyI 404 in 49ms (compile: 4ms, render: 45ms)
 GET /_next/webpack-hmr?id=tUY66Lp-yOySu4ys1dSyI 404 in 51ms (compile: 4ms, render: 47ms)
 GET /_next/webpack-hmr?id=tUY66Lp-yOySu4ys1dSyI 404 in 70ms (compile: 6ms, render: 64ms)
 GET /_next/webpack-hmr?id=tUY66Lp-yOySu4ys1dSyI 404 in 50ms (compile: 4ms, render: 47ms)
 GET /_next/webpack-hmr?id=tUY66Lp-yOySu4ys1dSyI 404 in 48ms (compile: 4ms, render: 44ms)
 GET /_next/webpack-hmr?id=tUY66Lp-yOySu4ys1dSyI 404 in 76ms (compile: 4ms, render: 72ms)
 GET /_next/webpack-hmr?id=tUY66Lp-yOySu4ys1dSyI 404 in 48ms (compile: 4ms, render: 43ms)
 GET /_next/webpack-hmr?id=tUY66Lp-yOySu4ys1dSyI 404 in 47ms (compile: 4ms, render: 43ms)
 GET / 200 in 135ms (compile: 4ms, render: 131ms)
 GET /_next/webpack-hmr?id=BI7ujbePBMHKB6iiZJwGa 404 in 48ms (compile: 5ms, render: 42ms)
 GET /_next/webpack-hmr?id=BI7ujbePBMHKB6iiZJwGa 404 in 43ms (compile: 4ms, render: 39ms)
 GET /_next/webpack-hmr?id=BI7ujbePBMHKB6iiZJwGa 404 in 55ms (compile: 4ms, render: 51ms)
 GET /_next/webpack-hmr?id=BI7ujbePBMHKB6iiZJwGa 404 in 44ms (compile: 4ms, render: 40ms)
 GET /_next/webpack-hmr?id=BI7ujbePBMHKB6iiZJwGa 404 in 82ms (compile: 4ms, render: 78ms)
 GET /_next/webpack-hmr?id=BI7ujbePBMHKB6iiZJwGa 404 in 48ms (compile: 4ms, render: 44ms)
 GET /_next/webpack-hmr?id=BI7ujbePBMHKB6iiZJwGa 404 in 53ms (compile: 4ms, render: 49ms)
 GET /_next/webpack-hmr?id=BI7ujbePBMHKB6iiZJwGa 404 in 44ms (compile: 4ms, render: 40ms)
 GET /_next/webpack-hmr?id=BI7ujbePBMHKB6iiZJwGa 404 in 52ms (compile: 4ms, render: 48ms)
 GET /_next/webpack-hmr?id=BI7ujbePBMHKB6iiZJwGa 404 in 51ms (compile: 5ms, render: 47ms)
 GET /_next/webpack-hmr?id=BI7ujbePBMHKB6iiZJwGa 404 in 106ms (compile: 7ms, render: 99ms)
 GET /_next/webpack-hmr?id=BI7ujbePBMHKB6iiZJwGa 404 in 47ms (compile: 4ms, render: 43ms)
 GET /_next/webpack-hmr?id=BI7ujbePBMHKB6iiZJwGa 404 in 47ms (compile: 6ms, render: 41ms)
 GET / 200 in 181ms (compile: 4ms, render: 177ms)
 GET /_next/webpack-hmr?id=6UcAbsjpeQvthHNS0AuKi 404 in 55ms (compile: 6ms, render: 49ms)
 GET /_next/webpack-hmr?id=6UcAbsjpeQvthHNS0AuKi 404 in 49ms (compile: 7ms, render: 42ms)
 GET /_next/webpack-hmr?id=6UcAbsjpeQvthHNS0AuKi 404 in 50ms (compile: 5ms, render: 45ms)
 GET /_next/webpack-hmr?id=6UcAbsjpeQvthHNS0AuKi 404 in 52ms (compile: 4ms, render: 48ms)
 GET /_next/webpack-hmr?id=6UcAbsjpeQvthHNS0AuKi 404 in 103ms (compile: 4ms, render: 100ms)
 GET /_next/webpack-hmr?id=6UcAbsjpeQvthHNS0AuKi 404 in 45ms (compile: 4ms, render: 41ms)
 GET /_next/webpack-hmr?id=6UcAbsjpeQvthHNS0AuKi 404 in 58ms (compile: 5ms, render: 52ms)
 GET /_next/webpack-hmr?id=6UcAbsjpeQvthHNS0AuKi 404 in 50ms (compile: 4ms, render: 46ms)
 GET /_next/webpack-hmr?id=6UcAbsjpeQvthHNS0AuKi 404 in 49ms (compile: 4ms, render: 45ms)
 GET /_next/webpack-hmr?id=6UcAbsjpeQvthHNS0AuKi 404 in 46ms (compile: 4ms, render: 42ms)
 GET /_next/webpack-hmr?id=6UcAbsjpeQvthHNS0AuKi 404 in 43ms (compile: 4ms, render: 39ms)
 GET /_next/webpack-hmr?id=6UcAbsjpeQvthHNS0AuKi 404 in 74ms (compile: 5ms, render: 68ms)
 GET /_next/webpack-hmr?id=6UcAbsjpeQvthHNS0AuKi 404 in 60ms (compile: 6ms, render: 54ms)
 GET / 200 in 122ms (compile: 4ms, render: 118ms)
 GET /_next/webpack-hmr?id=LCB1ZzVTKJrM3_zMVp4dM 404 in 63ms (compile: 8ms, render: 54ms)
 GET /_next/webpack-hmr?id=LCB1ZzVTKJrM3_zMVp4dM 404 in 59ms (compile: 5ms, render: 53ms)
 GET /_next/webpack-hmr?id=LCB1ZzVTKJrM3_zMVp4dM 404 in 45ms (compile: 4ms, render: 41ms)
 GET /_next/webpack-hmr?id=LCB1ZzVTKJrM3_zMVp4dM 404 in 56ms (compile: 5ms, render: 52ms)
 GET /_next/webpack-hmr?id=LCB1ZzVTKJrM3_zMVp4dM 404 in 48ms (compile: 6ms, render: 42ms)
 GET /_next/webpack-hmr?id=LCB1ZzVTKJrM3_zMVp4dM 404 in 80ms (compile: 4ms, render: 76ms)
 GET /_next/webpack-hmr?id=LCB1ZzVTKJrM3_zMVp4dM 404 in 50ms (compile: 4ms, render: 46ms)
 GET /_next/webpack-hmr?id=LCB1ZzVTKJrM3_zMVp4dM 404 in 51ms (compile: 4ms, render: 47ms)
 GET /_next/webpack-hmr?id=LCB1ZzVTKJrM3_zMVp4dM 404 in 45ms (compile: 4ms, render: 42ms)
 GET /_next/webpack-hmr?id=LCB1ZzVTKJrM3_zMVp4dM 404 in 53ms (compile: 5ms, render: 49ms)
 GET /_next/webpack-hmr?id=LCB1ZzVTKJrM3_zMVp4dM 404 in 86ms (compile: 4ms, render: 81ms)
 GET /_next/webpack-hmr?id=LCB1ZzVTKJrM3_zMVp4dM 404 in 58ms (compile: 6ms, render: 52ms)
 GET /_next/webpack-hmr?id=LCB1ZzVTKJrM3_zMVp4dM 404 in 50ms (compile: 4ms, render: 46ms)
 GET / 200 in 136ms (compile: 5ms, render: 131ms)
 GET /_next/webpack-hmr?id=xYvjbpgZCbyT6aXviFD3s 404 in 55ms (compile: 6ms, render: 49ms)
 GET /_next/webpack-hmr?id=xYvjbpgZCbyT6aXviFD3s 404 in 52ms (compile: 4ms, render: 48ms)
 GET /_next/webpack-hmr?id=xYvjbpgZCbyT6aXviFD3s 404 in 69ms (compile: 4ms, render: 65ms)
 GET /_next/webpack-hmr?id=xYvjbpgZCbyT6aXviFD3s 404 in 65ms (compile: 15ms, render: 50ms)
 GET /_next/webpack-hmr?id=xYvjbpgZCbyT6aXviFD3s 404 in 113ms (compile: 6ms, render: 107ms)
 GET /_next/webpack-hmr?id=xYvjbpgZCbyT6aXviFD3s 404 in 50ms (compile: 5ms, render: 45ms)
 GET /_next/webpack-hmr?id=xYvjbpgZCbyT6aXviFD3s 404 in 59ms (compile: 5ms, render: 54ms)
 GET /_next/webpack-hmr?id=xYvjbpgZCbyT6aXviFD3s 404 in 49ms (compile: 4ms, render: 45ms)
 GET /_next/webpack-hmr?id=xYvjbpgZCbyT6aXviFD3s 404 in 52ms (compile: 4ms, render: 48ms)
 GET /_next/webpack-hmr?id=xYvjbpgZCbyT6aXviFD3s 404 in 46ms (compile: 4ms, render: 42ms)
 GET /_next/webpack-hmr?id=xYvjbpgZCbyT6aXviFD3s 404 in 76ms (compile: 7ms, render: 69ms)
 GET /_next/webpack-hmr?id=xYvjbpgZCbyT6aXviFD3s 404 in 66ms (compile: 6ms, render: 60ms)
 GET /_next/webpack-hmr?id=xYvjbpgZCbyT6aXviFD3s 404 in 50ms (compile: 5ms, render: 45ms)
 GET / 200 in 136ms (compile: 5ms, render: 131ms)
 GET /_next/webpack-hmr?id=-D88nV4vhUi4ESuzzZ-fl 404 in 50ms (compile: 5ms, render: 45ms)
 GET /_next/webpack-hmr?id=-D88nV4vhUi4ESuzzZ-fl 404 in 46ms (compile: 4ms, render: 42ms)
 GET /_next/webpack-hmr?id=-D88nV4vhUi4ESuzzZ-fl 404 in 48ms (compile: 4ms, render: 44ms)
 GET /_next/webpack-hmr?id=-D88nV4vhUi4ESuzzZ-fl 404 in 51ms (compile: 4ms, render: 47ms)
 GET /_next/webpack-hmr?id=-D88nV4vhUi4ESuzzZ-fl 404 in 43ms (compile: 4ms, render: 39ms)
 GET /_next/webpack-hmr?id=-D88nV4vhUi4ESuzzZ-fl 404 in 103ms (compile: 5ms, render: 99ms)
 GET /_next/webpack-hmr?id=-D88nV4vhUi4ESuzzZ-fl 404 in 51ms (compile: 4ms, render: 47ms)
 GET /_next/webpack-hmr?id=-D88nV4vhUi4ESuzzZ-fl 404 in 52ms (compile: 4ms, render: 48ms)
 GET /_next/webpack-hmr?id=-D88nV4vhUi4ESuzzZ-fl 404 in 52ms (compile: 4ms, render: 48ms)
 GET /_next/webpack-hmr?id=-D88nV4vhUi4ESuzzZ-fl 404 in 56ms (compile: 4ms, render: 52ms)
 GET /_next/webpack-hmr?id=-D88nV4vhUi4ESuzzZ-fl 404 in 47ms (compile: 4ms, render: 43ms)
 GET /_next/webpack-hmr?id=-D88nV4vhUi4ESuzzZ-fl 404 in 81ms (compile: 4ms, render: 77ms)
 GET /_next/webpack-hmr?id=-D88nV4vhUi4ESuzzZ-fl 404 in 47ms (compile: 4ms, render: 44ms)
 GET / 200 in 152ms (compile: 6ms, render: 146ms)
 GET /_next/webpack-hmr?id=2TIp4ckNqke6SQgY8xRJD 404 in 59ms (compile: 5ms, render: 54ms)
 GET /_next/webpack-hmr?id=2TIp4ckNqke6SQgY8xRJD 404 in 45ms (compile: 3ms, render: 42ms)
 GET /_next/webpack-hmr?id=2TIp4ckNqke6SQgY8xRJD 404 in 48ms (compile: 4ms, render: 43ms)
 GET /_next/webpack-hmr?id=2TIp4ckNqke6SQgY8xRJD 404 in 51ms (compile: 8ms, render: 44ms)
 GET /_next/webpack-hmr?id=2TIp4ckNqke6SQgY8xRJD 404 in 60ms (compile: 4ms, render: 56ms)
 GET /_next/webpack-hmr?id=2TIp4ckNqke6SQgY8xRJD 404 in 44ms (compile: 4ms, render: 40ms)
 GET /_next/webpack-hmr?id=2TIp4ckNqke6SQgY8xRJD 404 in 56ms (compile: 5ms, render: 51ms)
 GET /_next/webpack-hmr?id=2TIp4ckNqke6SQgY8xRJD 404 in 60ms (compile: 5ms, render: 55ms)
 GET /_next/webpack-hmr?id=2TIp4ckNqke6SQgY8xRJD 404 in 49ms (compile: 4ms, render: 45ms)
 GET /_next/webpack-hmr?id=2TIp4ckNqke6SQgY8xRJD 404 in 46ms (compile: 3ms, render: 43ms)
 GET /_next/webpack-hmr?id=2TIp4ckNqke6SQgY8xRJD 404 in 68ms (compile: 4ms, render: 64ms)
 GET /_next/webpack-hmr?id=2TIp4ckNqke6SQgY8xRJD 404 in 48ms (compile: 4ms, render: 44ms)
 GET /_next/webpack-hmr?id=2TIp4ckNqke6SQgY8xRJD 404 in 54ms (compile: 4ms, render: 51ms)
 GET / 200 in 120ms (compile: 4ms, render: 116ms)
 GET /_next/webpack-hmr?id=tPU_-UutNAnlSFEXjofnL 404 in 49ms (compile: 5ms, render: 44ms)
 GET /_next/webpack-hmr?id=tPU_-UutNAnlSFEXjofnL 404 in 63ms (compile: 4ms, render: 59ms)
 GET /_next/webpack-hmr?id=tPU_-UutNAnlSFEXjofnL 404 in 49ms (compile: 5ms, render: 44ms)
 GET /_next/webpack-hmr?id=tPU_-UutNAnlSFEXjofnL 404 in 47ms (compile: 4ms, render: 43ms)
 GET /_next/webpack-hmr?id=tPU_-UutNAnlSFEXjofnL 404 in 99ms (compile: 5ms, render: 94ms)
 GET /_next/webpack-hmr?id=tPU_-UutNAnlSFEXjofnL 404 in 60ms (compile: 4ms, render: 56ms)
 GET / 200 in 130ms (compile: 6ms, render: 124ms)
 GET /_next/webpack-hmr?id=tPU_-UutNAnlSFEXjofnL 404 in 56ms (compile: 7ms, render: 49ms)
 GET /_next/webpack-hmr?id=tPU_-UutNAnlSFEXjofnL 404 in 60ms (compile: 4ms, render: 55ms)
 GET /_next/webpack-hmr?id=tPU_-UutNAnlSFEXjofnL 404 in 51ms (compile: 4ms, render: 47ms)
 GET /_next/webpack-hmr?id=tPU_-UutNAnlSFEXjofnL 404 in 49ms (compile: 6ms, render: 43ms)
 GET /_next/webpack-hmr?id=tPU_-UutNAnlSFEXjofnL 404 in 51ms (compile: 4ms, render: 48ms)
 GET /_next/webpack-hmr?id=tPU_-UutNAnlSFEXjofnL 404 in 60ms (compile: 4ms, render: 56ms)
 GET / 200 in 135ms (compile: 4ms, render: 130ms)
 GET /_next/webpack-hmr?id=3G1qjD2LmnsgwdOuKhe58 404 in 82ms (compile: 8ms, render: 73ms)
 GET /_next/webpack-hmr?id=3G1qjD2LmnsgwdOuKhe58 404 in 47ms (compile: 4ms, render: 43ms)
 GET /_next/webpack-hmr?id=3G1qjD2LmnsgwdOuKhe58 404 in 46ms (compile: 4ms, render: 42ms)
 GET /_next/webpack-hmr?id=3G1qjD2LmnsgwdOuKhe58 404 in 51ms (compile: 4ms, render: 47ms)
 GET /_next/webpack-hmr?id=3G1qjD2LmnsgwdOuKhe58 404 in 71ms (compile: 4ms, render: 67ms)
 GET /_next/webpack-hmr?id=3G1qjD2LmnsgwdOuKhe58 404 in 44ms (compile: 3ms, render: 40ms)
 GET /_next/webpack-hmr?id=3G1qjD2LmnsgwdOuKhe58 404 in 48ms (compile: 4ms, render: 44ms)
 GET /_next/webpack-hmr?id=3G1qjD2LmnsgwdOuKhe58 404 in 43ms (compile: 4ms, render: 39ms)
 GET /_next/webpack-hmr?id=3G1qjD2LmnsgwdOuKhe58 404 in 58ms (compile: 4ms, render: 54ms)
 GET /_next/webpack-hmr?id=3G1qjD2LmnsgwdOuKhe58 404 in 98ms (compile: 6ms, render: 93ms)
 GET /_next/webpack-hmr?id=3G1qjD2LmnsgwdOuKhe58 404 in 52ms (compile: 5ms, render: 47ms)
 GET /_next/webpack-hmr?id=3G1qjD2LmnsgwdOuKhe58 404 in 49ms (compile: 4ms, render: 45ms)
 GET /_next/webpack-hmr?id=3G1qjD2LmnsgwdOuKhe58 404 in 47ms (compile: 4ms, render: 44ms)
 GET / 200 in 159ms (compile: 4ms, render: 155ms)
 GET /_next/webpack-hmr?id=F7K-O4fnWAYtbCa5QGQpz 404 in 49ms (compile: 6ms, render: 42ms)
 GET /_next/webpack-hmr?id=F7K-O4fnWAYtbCa5QGQpz 404 in 49ms (compile: 4ms, render: 45ms)
 GET /_next/webpack-hmr?id=F7K-O4fnWAYtbCa5QGQpz 404 in 41ms (compile: 4ms, render: 37ms)
 GET /_next/webpack-hmr?id=F7K-O4fnWAYtbCa5QGQpz 404 in 51ms (compile: 4ms, render: 47ms)
 GET /_next/webpack-hmr?id=F7K-O4fnWAYtbCa5QGQpz 404 in 48ms (compile: 3ms, render: 44ms)
 GET /_next/webpack-hmr?id=F7K-O4fnWAYtbCa5QGQpz 404 in 43ms (compile: 4ms, render: 40ms)
 GET /_next/webpack-hmr?id=F7K-O4fnWAYtbCa5QGQpz 404 in 61ms (compile: 4ms, render: 57ms)
 GET /_next/webpack-hmr?id=F7K-O4fnWAYtbCa5QGQpz 404 in 48ms (compile: 4ms, render: 44ms)
 GET /_next/webpack-hmr?id=F7K-O4fnWAYtbCa5QGQpz 404 in 45ms (compile: 4ms, render: 40ms)
 GET /_next/webpack-hmr?id=F7K-O4fnWAYtbCa5QGQpz 404 in 53ms (compile: 4ms, render: 49ms)
 GET /_next/webpack-hmr?id=F7K-O4fnWAYtbCa5QGQpz 404 in 64ms (compile: 5ms, render: 59ms)
 GET /_next/webpack-hmr?id=F7K-O4fnWAYtbCa5QGQpz 404 in 51ms (compile: 4ms, render: 47ms)
 GET /_next/webpack-hmr?id=F7K-O4fnWAYtbCa5QGQpz 404 in 50ms (compile: 4ms, render: 47ms)
 GET / 200 in 164ms (compile: 4ms, render: 160ms)
 GET /_next/webpack-hmr?id=OKifYPj84NGzOsIjfLgdU 404 in 47ms (compile: 5ms, render: 42ms)
 GET /_next/webpack-hmr?id=OKifYPj84NGzOsIjfLgdU 404 in 48ms (compile: 4ms, render: 44ms)
 GET /_next/webpack-hmr?id=OKifYPj84NGzOsIjfLgdU 404 in 58ms (compile: 4ms, render: 54ms)
 GET /_next/webpack-hmr?id=OKifYPj84NGzOsIjfLgdU 404 in 69ms (compile: 6ms, render: 63ms)
 GET /_next/webpack-hmr?id=OKifYPj84NGzOsIjfLgdU 404 in 56ms (compile: 4ms, render: 52ms)
 GET /_next/webpack-hmr?id=OKifYPj84NGzOsIjfLgdU 404 in 56ms (compile: 6ms, render: 50ms)
 GET /_next/webpack-hmr?id=OKifYPj84NGzOsIjfLgdU 404 in 51ms (compile: 6ms, render: 45ms)
 GET /_next/webpack-hmr?id=OKifYPj84NGzOsIjfLgdU 404 in 49ms (compile: 6ms, render: 44ms)
 GET /_next/webpack-hmr?id=OKifYPj84NGzOsIjfLgdU 404 in 51ms (compile: 4ms, render: 47ms)
 GET /_next/webpack-hmr?id=OKifYPj84NGzOsIjfLgdU 404 in 51ms (compile: 5ms, render: 47ms)
 GET /_next/webpack-hmr?id=OKifYPj84NGzOsIjfLgdU 404 in 47ms (compile: 4ms, render: 43ms)
 GET /_next/webpack-hmr?id=OKifYPj84NGzOsIjfLgdU 404 in 62ms (compile: 6ms, render: 56ms)
 GET /_next/webpack-hmr?id=OKifYPj84NGzOsIjfLgdU 404 in 56ms (compile: 5ms, render: 51ms)
 GET / 200 in 222ms (compile: 6ms, render: 216ms)
 GET /_next/webpack-hmr?id=avbrYDehSbM5fKHYCv-k4 404 in 60ms (compile: 7ms, render: 53ms)
 GET /_next/webpack-hmr?id=avbrYDehSbM5fKHYCv-k4 404 in 49ms (compile: 4ms, render: 45ms)
 GET /_next/webpack-hmr?id=avbrYDehSbM5fKHYCv-k4 404 in 51ms (compile: 3ms, render: 47ms)
 GET /_next/webpack-hmr?id=avbrYDehSbM5fKHYCv-k4 404 in 53ms (compile: 4ms, render: 49ms)
 GET /_next/webpack-hmr?id=avbrYDehSbM5fKHYCv-k4 404 in 63ms (compile: 5ms, render: 58ms)
 GET /_next/webpack-hmr?id=avbrYDehSbM5fKHYCv-k4 404 in 79ms (compile: 6ms, render: 73ms)
 GET /_next/webpack-hmr?id=avbrYDehSbM5fKHYCv-k4 404 in 60ms (compile: 5ms, render: 56ms)
 GET /_next/webpack-hmr?id=avbrYDehSbM5fKHYCv-k4 404 in 89ms (compile: 4ms, render: 85ms)
 GET /_next/webpack-hmr?id=avbrYDehSbM5fKHYCv-k4 404 in 47ms (compile: 4ms, render: 43ms)
 GET /_next/webpack-hmr?id=avbrYDehSbM5fKHYCv-k4 404 in 45ms (compile: 4ms, render: 41ms)
 GET /_next/webpack-hmr?id=avbrYDehSbM5fKHYCv-k4 404 in 56ms (compile: 4ms, render: 53ms)
 GET /_next/webpack-hmr?id=avbrYDehSbM5fKHYCv-k4 404 in 48ms (compile: 4ms, render: 44ms)
 GET /_next/webpack-hmr?id=avbrYDehSbM5fKHYCv-k4 404 in 50ms (compile: 5ms, render: 46ms)
 GET / 200 in 150ms (compile: 4ms, render: 146ms)
 GET /_next/webpack-hmr?id=H8DR_tEghX3k_Ah3LDwtA 404 in 59ms (compile: 6ms, render: 54ms)
 GET /_next/webpack-hmr?id=H8DR_tEghX3k_Ah3LDwtA 404 in 52ms (compile: 4ms, render: 48ms)
 GET /_next/webpack-hmr?id=H8DR_tEghX3k_Ah3LDwtA 404 in 48ms (compile: 4ms, render: 44ms)
 GET /_next/webpack-hmr?id=H8DR_tEghX3k_Ah3LDwtA 404 in 55ms (compile: 4ms, render: 51ms)
 GET /_next/webpack-hmr?id=H8DR_tEghX3k_Ah3LDwtA 404 in 52ms (compile: 4ms, render: 48ms)
 GET /_next/webpack-hmr?id=H8DR_tEghX3k_Ah3LDwtA 404 in 85ms (compile: 4ms, render: 81ms)
 GET /_next/webpack-hmr?id=H8DR_tEghX3k_Ah3LDwtA 404 in 50ms (compile: 4ms, render: 46ms)
 GET /_next/webpack-hmr?id=H8DR_tEghX3k_Ah3LDwtA 404 in 49ms (compile: 4ms, render: 45ms)
 GET /_next/webpack-hmr?id=H8DR_tEghX3k_Ah3LDwtA 404 in 51ms (compile: 4ms, render: 47ms)
 GET /_next/webpack-hmr?id=H8DR_tEghX3k_Ah3LDwtA 404 in 58ms (compile: 4ms, render: 54ms)
 GET /_next/webpack-hmr?id=H8DR_tEghX3k_Ah3LDwtA 404 in 47ms (compile: 4ms, render: 43ms)
 GET /_next/webpack-hmr?id=H8DR_tEghX3k_Ah3LDwtA 404 in 86ms (compile: 4ms, render: 82ms)
 GET /_next/webpack-hmr?id=H8DR_tEghX3k_Ah3LDwtA 404 in 54ms (compile: 4ms, render: 50ms)
 GET / 200 in 155ms (compile: 4ms, render: 151ms)
 GET /_next/webpack-hmr?id=y3pqIo1tvqZvKGARaclP4 404 in 55ms (compile: 7ms, render: 48ms)
 GET /_next/webpack-hmr?id=y3pqIo1tvqZvKGARaclP4 404 in 53ms (compile: 4ms, render: 50ms)
 GET /_next/webpack-hmr?id=y3pqIo1tvqZvKGARaclP4 404 in 52ms (compile: 4ms, render: 48ms)
 GET /_next/webpack-hmr?id=y3pqIo1tvqZvKGARaclP4 404 in 49ms (compile: 3ms, render: 46ms)
 GET /_next/webpack-hmr?id=y3pqIo1tvqZvKGARaclP4 404 in 93ms (compile: 11ms, render: 82ms)
 GET /_next/webpack-hmr?id=y3pqIo1tvqZvKGARaclP4 404 in 51ms (compile: 4ms, render: 47ms)
 GET /_next/webpack-hmr?id=y3pqIo1tvqZvKGARaclP4 404 in 44ms (compile: 4ms, render: 41ms)
 GET /_next/webpack-hmr?id=y3pqIo1tvqZvKGARaclP4 404 in 54ms (compile: 4ms, render: 50ms)
 GET /_next/webpack-hmr?id=y3pqIo1tvqZvKGARaclP4 404 in 50ms (compile: 4ms, render: 46ms)
 GET /_next/webpack-hmr?id=y3pqIo1tvqZvKGARaclP4 404 in 92ms (compile: 7ms, render: 85ms)
 GET /_next/webpack-hmr?id=y3pqIo1tvqZvKGARaclP4 404 in 54ms (compile: 4ms, render: 50ms)
 GET /_next/webpack-hmr?id=y3pqIo1tvqZvKGARaclP4 404 in 112ms (compile: 4ms, render: 108ms)
 GET /_next/webpack-hmr?id=y3pqIo1tvqZvKGARaclP4 404 in 50ms (compile: 4ms, render: 46ms)
 GET / 200 in 144ms (compile: 7ms, render: 137ms)
 GET /_next/webpack-hmr?id=Wdj4O3TwTZeZE8_enU9Sk 404 in 59ms (compile: 6ms, render: 53ms)
 GET /_next/webpack-hmr?id=Wdj4O3TwTZeZE8_enU9Sk 404 in 52ms (compile: 7ms, render: 46ms)
 GET /_next/webpack-hmr?id=Wdj4O3TwTZeZE8_enU9Sk 404 in 48ms (compile: 4ms, render: 44ms)
 GET /_next/webpack-hmr?id=Wdj4O3TwTZeZE8_enU9Sk 404 in 58ms (compile: 4ms, render: 54ms)
 GET /_next/webpack-hmr?id=Wdj4O3TwTZeZE8_enU9Sk 404 in 47ms (compile: 4ms, render: 43ms)
 GET /_next/webpack-hmr?id=Wdj4O3TwTZeZE8_enU9Sk 404 in 50ms (compile: 4ms, render: 46ms)
 GET /_next/webpack-hmr?id=Wdj4O3TwTZeZE8_enU9Sk 404 in 58ms (compile: 5ms, render: 52ms)
 GET /_next/webpack-hmr?id=Wdj4O3TwTZeZE8_enU9Sk 404 in 51ms (compile: 4ms, render: 46ms)
 GET /_next/webpack-hmr?id=Wdj4O3TwTZeZE8_enU9Sk 404 in 51ms (compile: 4ms, render: 46ms)
 GET /_next/webpack-hmr?id=Wdj4O3TwTZeZE8_enU9Sk 404 in 47ms (compile: 6ms, render: 42ms)
 GET /_next/webpack-hmr?id=Wdj4O3TwTZeZE8_enU9Sk 404 in 53ms (compile: 6ms, render: 47ms)
 GET /_next/webpack-hmr?id=Wdj4O3TwTZeZE8_enU9Sk 404 in 53ms (compile: 4ms, render: 49ms)
 GET /_next/webpack-hmr?id=Wdj4O3TwTZeZE8_enU9Sk 404 in 51ms (compile: 4ms, render: 47ms)
 GET / 200 in 199ms (compile: 6ms, render: 193ms)
 GET /_next/webpack-hmr?id=dpcWUmfWtsw5IjYFDfIRr 404 in 50ms (compile: 6ms, render: 44ms)
 GET /_next/webpack-hmr?id=dpcWUmfWtsw5IjYFDfIRr 404 in 50ms (compile: 3ms, render: 46ms)
 GET /_next/webpack-hmr?id=dpcWUmfWtsw5IjYFDfIRr 404 in 46ms (compile: 4ms, render: 42ms)
 GET /_next/webpack-hmr?id=dpcWUmfWtsw5IjYFDfIRr 404 in 52ms (compile: 4ms, render: 48ms)
 GET /_next/webpack-hmr?id=dpcWUmfWtsw5IjYFDfIRr 404 in 44ms (compile: 4ms, render: 40ms)
 GET /_next/webpack-hmr?id=dpcWUmfWtsw5IjYFDfIRr 404 in 127ms (compile: 7ms, render: 120ms)
 GET /_next/webpack-hmr?id=dpcWUmfWtsw5IjYFDfIRr 404 in 47ms (compile: 4ms, render: 43ms)
 GET /_next/webpack-hmr?id=dpcWUmfWtsw5IjYFDfIRr 404 in 72ms (compile: 5ms, render: 67ms)
 GET /_next/webpack-hmr?id=dpcWUmfWtsw5IjYFDfIRr 404 in 68ms (compile: 6ms, render: 62ms)
 GET /_next/webpack-hmr?id=dpcWUmfWtsw5IjYFDfIRr 404 in 68ms (compile: 5ms, render: 63ms)
 GET /_next/webpack-hmr?id=dpcWUmfWtsw5IjYFDfIRr 404 in 54ms (compile: 4ms, render: 50ms)
 GET /_next/webpack-hmr?id=dpcWUmfWtsw5IjYFDfIRr 404 in 51ms (compile: 4ms, render: 47ms)
 GET / 200 in 203ms (compile: 5ms, render: 198ms)
 GET /_next/webpack-hmr?id=03bPPt4wPiToQcG6KuaYR 404 in 70ms (compile: 7ms, render: 63ms)
 GET /_next/webpack-hmr?id=03bPPt4wPiToQcG6KuaYR 404 in 55ms (compile: 4ms, render: 51ms)
 GET /_next/webpack-hmr?id=03bPPt4wPiToQcG6KuaYR 404 in 60ms (compile: 4ms, render: 56ms)
 GET /_next/webpack-hmr?id=03bPPt4wPiToQcG6KuaYR 404 in 64ms (compile: 4ms, render: 60ms)
 GET /_next/webpack-hmr?id=03bPPt4wPiToQcG6KuaYR 404 in 73ms (compile: 5ms, render: 68ms)
 GET /_next/webpack-hmr?id=03bPPt4wPiToQcG6KuaYR 404 in 52ms (compile: 4ms, render: 48ms)
 GET /_next/webpack-hmr?id=03bPPt4wPiToQcG6KuaYR 404 in 56ms (compile: 4ms, render: 52ms)
 GET /_next/webpack-hmr?id=03bPPt4wPiToQcG6KuaYR 404 in 48ms (compile: 4ms, render: 44ms)
 GET /_next/webpack-hmr?id=03bPPt4wPiToQcG6KuaYR 404 in 56ms (compile: 4ms, render: 51ms)
 GET /_next/webpack-hmr?id=03bPPt4wPiToQcG6KuaYR 404 in 51ms (compile: 5ms, render: 46ms)
 GET /_next/webpack-hmr?id=03bPPt4wPiToQcG6KuaYR 404 in 106ms (compile: 4ms, render: 102ms)
 GET /_next/webpack-hmr?id=03bPPt4wPiToQcG6KuaYR 404 in 52ms (compile: 4ms, render: 48ms)
 GET /_next/webpack-hmr?id=03bPPt4wPiToQcG6KuaYR 404 in 50ms (compile: 4ms, render: 46ms)
 GET / 200 in 177ms (compile: 6ms, render: 171ms)
 GET /_next/webpack-hmr?id=k9RxU69_OPp1Ugqgf-vTD 404 in 58ms (compile: 5ms, render: 53ms)
 GET /_next/webpack-hmr?id=k9RxU69_OPp1Ugqgf-vTD 404 in 44ms (compile: 4ms, render: 41ms)
 GET /_next/webpack-hmr?id=k9RxU69_OPp1Ugqgf-vTD 404 in 58ms (compile: 6ms, render: 52ms)
 GET /_next/webpack-hmr?id=k9RxU69_OPp1Ugqgf-vTD 404 in 81ms (compile: 4ms, render: 77ms)
 GET /_next/webpack-hmr?id=k9RxU69_OPp1Ugqgf-vTD 404 in 53ms (compile: 4ms, render: 49ms)
 GET /_next/webpack-hmr?id=k9RxU69_OPp1Ugqgf-vTD 404 in 47ms (compile: 3ms, render: 43ms)
 GET /_next/webpack-hmr?id=k9RxU69_OPp1Ugqgf-vTD 404 in 43ms (compile: 4ms, render: 39ms)
 GET /_next/webpack-hmr?id=k9RxU69_OPp1Ugqgf-vTD 404 in 51ms (compile: 4ms, render: 47ms)
 GET /_next/webpack-hmr?id=k9RxU69_OPp1Ugqgf-vTD 404 in 49ms (compile: 4ms, render: 45ms)
 GET /_next/webpack-hmr?id=k9RxU69_OPp1Ugqgf-vTD 404 in 43ms (compile: 4ms, render: 39ms)
 GET /_next/webpack-hmr?id=k9RxU69_OPp1Ugqgf-vTD 404 in 84ms (compile: 4ms, render: 81ms)
 GET /_next/webpack-hmr?id=k9RxU69_OPp1Ugqgf-vTD 404 in 50ms (compile: 4ms, render: 46ms)
 GET /_next/webpack-hmr?id=k9RxU69_OPp1Ugqgf-vTD 404 in 55ms (compile: 4ms, render: 51ms)
 GET / 200 in 136ms (compile: 4ms, render: 132ms)
 GET /_next/webpack-hmr?id=qyBOQlwCYarx9x7WgAqIw 404 in 50ms (compile: 6ms, render: 45ms)
 GET /_next/webpack-hmr?id=qyBOQlwCYarx9x7WgAqIw 404 in 54ms (compile: 4ms, render: 50ms)
 GET /_next/webpack-hmr?id=qyBOQlwCYarx9x7WgAqIw 404 in 50ms (compile: 4ms, render: 45ms)
 GET /_next/webpack-hmr?id=qyBOQlwCYarx9x7WgAqIw 404 in 78ms (compile: 4ms, render: 74ms)
 GET /_next/webpack-hmr?id=qyBOQlwCYarx9x7WgAqIw 404 in 55ms (compile: 5ms, render: 49ms)
 GET /_next/webpack-hmr?id=qyBOQlwCYarx9x7WgAqIw 404 in 45ms (compile: 4ms, render: 41ms)
 GET /_next/webpack-hmr?id=qyBOQlwCYarx9x7WgAqIw 404 in 62ms (compile: 14ms, render: 48ms)
 GET /_next/webpack-hmr?id=qyBOQlwCYarx9x7WgAqIw 404 in 53ms (compile: 4ms, render: 49ms)
 GET /_next/webpack-hmr?id=qyBOQlwCYarx9x7WgAqIw 404 in 94ms (compile: 8ms, render: 86ms)
 GET /_next/webpack-hmr?id=qyBOQlwCYarx9x7WgAqIw 404 in 55ms (compile: 5ms, render: 50ms)
 GET /_next/webpack-hmr?id=qyBOQlwCYarx9x7WgAqIw 404 in 66ms (compile: 6ms, render: 60ms)
 GET /_next/webpack-hmr?id=qyBOQlwCYarx9x7WgAqIw 404 in 95ms (compile: 9ms, render: 86ms)
 GET /_next/webpack-hmr?id=qyBOQlwCYarx9x7WgAqIw 404 in 74ms (compile: 4ms, render: 69ms)
 GET / 200 in 222ms (compile: 5ms, render: 217ms)
 GET /_next/webpack-hmr?id=abFjIFVsGr2z4pEXE1oH1 404 in 68ms (compile: 5ms, render: 63ms)
 GET /_next/webpack-hmr?id=abFjIFVsGr2z4pEXE1oH1 404 in 57ms (compile: 5ms, render: 52ms)
 GET /_next/webpack-hmr?id=abFjIFVsGr2z4pEXE1oH1 404 in 85ms (compile: 6ms, render: 79ms)
 GET /_next/webpack-hmr?id=abFjIFVsGr2z4pEXE1oH1 404 in 49ms (compile: 4ms, render: 45ms)
 GET /_next/webpack-hmr?id=abFjIFVsGr2z4pEXE1oH1 404 in 55ms (compile: 5ms, render: 51ms)
 GET /_next/webpack-hmr?id=abFjIFVsGr2z4pEXE1oH1 404 in 66ms (compile: 4ms, render: 62ms)
 GET /_next/webpack-hmr?id=abFjIFVsGr2z4pEXE1oH1 404 in 46ms (compile: 4ms, render: 42ms)
 GET /_next/webpack-hmr?id=abFjIFVsGr2z4pEXE1oH1 404 in 57ms (compile: 5ms, render: 52ms)
 GET /_next/webpack-hmr?id=abFjIFVsGr2z4pEXE1oH1 404 in 53ms (compile: 4ms, render: 49ms)
 GET /_next/webpack-hmr?id=abFjIFVsGr2z4pEXE1oH1 404 in 79ms (compile: 4ms, render: 75ms)
 GET / 200 in 181ms (compile: 12ms, render: 169ms)
 HEAD / 200 in 128ms (compile: 5ms, render: 123ms)
 GET / 200 in 179ms (compile: 7ms, render: 172ms)
 HEAD / 200 in 136ms (compile: 9ms, render: 127ms)
 GET / 200 in 135ms (compile: 3ms, render: 132ms)
 GET / 200 in 208ms (compile: 17ms, render: 192ms)
 GET / 200 in 164ms (compile: 6ms, render: 158ms)
 GET / 200 in 136ms (compile: 5ms, render: 131ms)
 GET / 200 in 176ms (compile: 5ms, render: 171ms)
 HEAD / 200 in 128ms (compile: 6ms, render: 122ms)
 GET / 200 in 145ms (compile: 10ms, render: 135ms)
 GET / 200 in 200ms (compile: 7ms, render: 193ms)
 GET /__down?bytes=10 404 in 69ms (compile: 11ms, render: 58ms)
 GET / 200 in 175ms (compile: 9ms, render: 166ms)
 GET / 200 in 135ms (compile: 6ms, render: 129ms)
 GET / 200 in 166ms (compile: 6ms, render: 159ms)
 GET / 200 in 179ms (compile: 5ms, render: 175ms)
 GET /__down?bytes=100 404 in 108ms (compile: 14ms, render: 94ms)
 GET /__down?bytes=10 404 in 53ms (compile: 5ms, render: 48ms)
 HEAD / 200 in 152ms (compile: 9ms, render: 143ms)
 GET /__down?bytes=10 404 in 60ms (compile: 8ms, render: 52ms)
 GET / 200 in 175ms (compile: 10ms, render: 165ms)
 HEAD / 200 in 138ms (compile: 6ms, render: 133ms)
 GET /__down?bytes=10 404 in 54ms (compile: 8ms, render: 45ms)
 GET / 200 in 133ms (compile: 7ms, render: 127ms)
 GET / 200 in 143ms (compile: 7ms, render: 136ms)
 GET / 200 in 168ms (compile: 10ms, render: 157ms)
 GET / 200 in 164ms (compile: 7ms, render: 157ms)
 GET / 200 in 172ms (compile: 11ms, render: 161ms)
 GET / 200 in 142ms (compile: 7ms, render: 135ms)
 GET /robots.txt 404 in 71ms (compile: 13ms, render: 58ms)
 GET /phpmyadmin 404 in 76ms (compile: 6ms, render: 70ms)
 GET / 200 in 157ms (compile: 10ms, render: 147ms)
 HEAD / 200 in 128ms (compile: 6ms, render: 123ms)
 GET /__down?bytes=10 404 in 52ms (compile: 7ms, render: 45ms)
 GET / 200 in 203ms (compile: 8ms, render: 195ms)
 GET / 200 in 163ms (compile: 11ms, render: 152ms)
 GET / 200 in 160ms (compile: 9ms, render: 151ms)
 GET / 200 in 143ms (compile: 6ms, render: 137ms)
 HEAD / 200 in 117ms (compile: 3ms, render: 114ms)
 GET / 200 in 184ms (compile: 10ms, render: 175ms)
 GET /_next/webpack-hmr?id=mMlJIeLxDGJ-p5xQ6cVez 404 in 59ms (compile: 7ms, render: 52ms)
 GET /_next/webpack-hmr?id=mMlJIeLxDGJ-p5xQ6cVez 404 in 55ms (compile: 4ms, render: 52ms)
 GET / 200 in 173ms (compile: 6ms, render: 166ms)
 GET / 200 in 204ms (compile: 7ms, render: 197ms)
 GET / 200 in 132ms (compile: 3ms, render: 128ms)
 GET / 200 in 156ms (compile: 10ms, render: 146ms)
 GET /?ed=2560/v2ray 200 in 149ms (compile: 7ms, render: 143ms)
 GET / 200 in 154ms (compile: 5ms, render: 150ms)
 GET / 200 in 136ms (compile: 6ms, render: 130ms)
 GET /__down?bytes=100 404 in 66ms (compile: 9ms, render: 57ms)
 GET / 200 in 200ms (compile: 4ms, render: 196ms)
 GET / 200 in 144ms (compile: 6ms, render: 138ms)
 HEAD / 200 in 114ms (compile: 4ms, render: 109ms)
 GET / 200 in 154ms (compile: 6ms, render: 148ms)
 GET /eyJqdW5rIjoiSno5TW96YzdlIiwicHJvdG9jb2wiOiJ2bCIsIm1vZGUiOiJwcm94eWlwIiwicGFuZWxJUHMiOltdfQ==?ed=2560 404 in 57ms (compile: 9ms, render: 48ms)
 POST /api/admin/token 404 in 65ms (compile: 7ms, render: 58ms)
 GET /__down?bytes=100 404 in 68ms (compile: 6ms, render: 62ms)
 GET /?ed=2560/v2ray 200 in 174ms (compile: 10ms, render: 165ms)
 HEAD / 200 in 158ms (compile: 3ms, render: 155ms)
 GET / 200 in 163ms (compile: 5ms, render: 158ms)
 GET /__down?bytes=10 404 in 55ms (compile: 7ms, render: 48ms)
 GET / 200 in 236ms (compile: 8ms, render: 228ms)
 GET / 200 in 151ms (compile: 6ms, render: 145ms)
 GET /downloader/18593 404 in 57ms (compile: 8ms, render: 48ms)
 HEAD / 200 in 148ms (compile: 11ms, render: 138ms)
 GET /__down?bytes=100 404 in 57ms (compile: 8ms, render: 49ms)
 GET / 200 in 226ms (compile: 8ms, render: 218ms)
 GET / 200 in 197ms (compile: 7ms, render: 191ms)
 GET /__down?bytes=10 404 in 64ms (compile: 8ms, render: 56ms)
 GET / 200 in 216ms (compile: 13ms, render: 203ms)
 GET / 200 in 155ms (compile: 6ms, render: 150ms)
